0.01,-0.7508670973805625,-0.7519741342582952,-0.0010903603304683596,-0.7519574577110308
0.02,-0.7514206158187725,-0.7530644945887635,-0.0010737639354326672,-0.7530312216464635
0.03,-0.7519685754088001,-0.7541382585241961,-0.0010572474047158657,-0.7540884690511794
0.04,-0.752510996187536,-0.755195505928912,-0.0010408104473450669,-0.7551292794985245
0.05,-0.7530478981353232,-0.7562363163762571,-0.001024452807873999,-0.7561537323063985
0.06,-0.7535793011758578,-0.7572607691841311,-0.0010081741797917688,-0.7571619064861902
0.07,-0.7541052251770168,-0.7582689433639229,-0.0009919742921120182,-0.7581538807783023
0.08,-0.7546256899501848,-0.7592609176560349,-0.0009758528716313254,-0.7591297336499335
0.09,-0.755140715250787,-0.7602367705276663,-0.0009598096318245465,-0.7600895432817582
0.1,-0.75565032077834,-0.7611965801594908,-0.0009438443061511592,-0.7610333875879093
0.11,-0.7561545261766875,-0.7621404244656419,-0.000927956605869043,-0.7619613441937784
0.12,-0.7566533510341039,-0.763068381071511,-0.0009121462711010955,-0.7628734904648794
0.13,-0.757146814883234,-0.763980527342612,-0.0008964130086674266,-0.7637699034735468
0.14,-0.7576349372016528,-0.7648769403512795,-0.0008807565609137216,-0.7646506600344606
0.15,-0.7581177374116156,-0.7657576969121932,-0.0008651766457643158,-0.7655158366802248
0.16,-0.7585952348803147,-0.7666228735579576,-0.000849672996686493,-0.7663655096769114
0.17,-0.759067448920182,-0.767472546554644,-0.0008342453427082064,-0.7671997550196196
0.18,-0.7595343987887921,-0.7683067918973522,-0.0008188934017578677,-0.7680186484213775
0.19,-0.7599961036891505,-0.7691256852991101,-0.0008036169272888569,-0.7688222653486663
0.2,-0.7604525827697566,-0.769929302226399,-0.0007884156283510108,-0.7696106809770173
0.21,-0.7609038551248234,-0.77071771785475,-0.0007732892450785026,-0.7703839702220958
0.22,-0.761349939794296,-0.7714910070998284,-0.0007582375153872278,-0.771142207737483
0.23,-0.7617908557641483,-0.7722492446152157,-0.0007432601727533177,-0.7718854679102364
0.24,-0.7622266219663603,-0.772992504787969,-0.0007283569373325686,-0.7726138248475689
0.25,-0.7626572572791825,-0.7737208617253016,-0.0007135275648062663,-0.7733273524123752
0.26,-0.7630827805271418,-0.7744343892901079,-0.0006987717775531685,-0.7740261241899283
0.27,-0.763503210481343,-0.7751331610676611,-0.0006840893201554531,-0.7747102135100838
0.28,-0.763918565859442,-0.7758172503878165,-0.0006694799260953226,-0.7753796934361792
0.29,-0.7643288653259129,-0.7764867303139118,-0.0006549433288564541,-0.7760346367650356
0.3,-0.7647341274920962,-0.7771416736427682,-0.000640479288566316,-0.776675116053602
0.31,-0.7651343709163543,-0.7777821529313346,-0.0006260875165078547,-0.7773012035701098
0.32,-0.7655296141042612,-0.7784082404478424,-0.0006117677794720451,-0.7779129713495818
0.33,-0.7659198755086257,-0.7790200082273144,-0.0005975198020658976,-0.7785104911516477
0.34,-0.766305173529773,-0.7796175280293803,-0.0005833433377603996,-0.779093834489408
0.35000000000000003,-0.7666855265155154,-0.7802008713671408,-0.0005692381267068981,-0.779663072616115
0.36,-0.7670609527614267,-0.7807701094938476,-0.0005552039023962695,-0.7802182765185113
0.37,-0.7674314705109095,-0.7813253133962439,-0.0005412404338454857,-0.7807595169523568
0.38,-0.767797097955304,-0.7818665538300894,-0.00052734743900551,-0.7812868643913623
0.39,-0.7681578532340932,-0.7823939012690949,-0.00051352468467495,-0.7818003890760372
0.4,-0.7685137544349784,-0.7829074259537698,-0.0004997719154509889,-0.7823001609914882
0.41000000000000003,-0.7688648195940301,-0.7834071978692209,-0.00048608886704954585,-0.7827862498585377
0.42,-0.7692110666958065,-0.7838932867362705,-0.00047247530183206626,-0.7832587251603698
0.43,-0.7695525136735122,-0.7843657620381025,-0.00045893096661895477,-0.7837176561269887
0.44,-0.7698891784090944,-0.7848246930047215,-0.00044545560156997177,-0.7841631117285588
0.45,-0.7702210787334239,-0.7852701486062914,-0.00043204897793042846,-0.7845951607064892
0.46,-0.7705482324263572,-0.7857021975842218,-0.00041871082476115096,-0.7850138715312504
0.47000000000000003,-0.7708706572169319,-0.786120908408983,-0.0004054409155291108,-0.7854193124467794
0.48,-0.771188370783458,-0.786526349324512,-0.00039223898595890094,-0.7858115514327383
0.49,-0.7715013907536549,-0.786918588310471,-0.00037910480285788944,-0.7861906562355963
0.5,-0.7718097347047856,-0.7872976931133289,-0.00036603811749379156,-0.7865566943530901
0.51,-0.7721134201637986,-0.7876637312308227,-0.000353038685576082,-0.7869097330386661
0.52,-0.7724124646074098,-0.7880167699163988,-0.0003401062605934424,-0.7872498392992595
0.53,-0.7727068854622893,-0.7883568761769922,-0.00032724060491789997,-0.7875770799041775
0.54,-0.7729967001051608,-0.7886841167819101,-0.00031444147204091194,-0.7878915213762183
0.55,-0.7732819258629178,-0.788998558253951,-0.0003017086243353728,-0.7881932300005537
0.56,-0.7735625800127657,-0.7893002668782864,-0.00028904182195581274,-0.7884822718225095
0.5700000000000001,-0.7738386797823746,-0.7895893087002422,-0.0002764408228361423,-0.7887587126453457
0.58,-0.7741102423499358,-0.7898657495230783,-0.00026390538269242814,-0.7890226180280381
0.59,-0.7743772848443675,-0.7901296549057708,-0.00025143527278143063,-0.7892740533008196
0.6,-0.7746398243453823,-0.7903810901785522,-0.0002390302554815954,-0.7895130835563011
0.61,-0.7748978778836622,-0.7906201204340337,-0.00022669008429027776,-0.7897397736405914
0.62,-0.7751514624409109,-0.7908468105183241,-0.00021441453046770753,-0.7899541881710591
0.63,-0.77540059495008,-0.7910612250487917,-0.00020220336527515537,-0.7901563915363343
0.64,-0.7756452922954116,-0.7912634284140669,-0.00019005633111138925,-0.7903464478674457
0.65,-0.7758855713125893,-0.7914534847451783,-0.0001779732258819916,-0.7905244210933277
0.66,-0.776121448788873,-0.7916314579710603,-0.00016595378754726692,-0.7906903748808749
0.67,-0.7763529414632057,-0.7917974117586076,-0.00015399780069289687,-0.7908443726815678
0.68,-0.7765800660263616,-0.7919514095593004,-0.00014210502992315077,-0.790986477711491
0.6900000000000001,-0.7768028391210363,-0.7920935145892236,-0.0001302752420639583,-0.7911167529535549
0.7000000000000001,-0.7770212773420063,-0.7922237898312876,-0.00011850820616134822,-0.7912352611597163
0.71,-0.7772353972362096,-0.7923422980374489,-0.00010680370014365392,-0.7913420648598599
0.72,-0.777445215302913,-0.7924491017375925,-9.516148639851507e-05,-0.7914372263462585
0.73,-0.7776507479937995,-0.7925442632239911,-8.358133841476073e-05,-0.7915208076846733
0.74,-0.7778520117131074,-0.7926278445624059,-7.206303190322727e-05,-0.7915928707165765
0.75,-0.7780490228177606,-0.7926999075943091,-6.0606340353784593e-05,-0.7916534770569302
0.76,-0.778241797617456,-0.7927605139346628,-4.9211035038111695e-05,-0.7917026880919683
0.77,-0.7784303523748297,-0.792809724969701,-3.787689166895314e-05,-0.7917405649836373
0.78,-0.7786147033055286,-0.7928476018613699,-2.6603685958706547e-05,-0.791767168669596
0.79,-0.7787948665783866,-0.7928742055473287,-1.539119140157863e-05,-0.7917825598609975
0.8,-0.7789708583154966,-0.7928895967387303,-4.239194812891145e-06,-0.7917867990558105
0.81,-0.7791426945923443,-0.7928938359335431,6.8525458538429285e-06,-0.7917799465099566
0.8200000000000001,-0.7793103914379471,-0.7928869833876893,1.7884228240006017e-05,-0.7917620622817166
0.8300000000000001,-0.7794739648349442,-0.7928690991594493,2.8856094390870834e-05,-0.7917332061873258
0.84,-0.7796334307197541,-0.7928402430650584,3.976835082717539e-05,-0.7916934378364986
0.85,-0.779788804982645,-0.7928004747142312,5.0621224051590474e-05,-0.791642816612447
0.86,-0.7799401034678866,-0.7927498534901797,6.141493834529999e-05,-0.7915814016741016
0.87,-0.7800873419738601,-0.7926884385518344,7.214969134656385e-05,-0.7915092519827551
0.88,-0.7802305362531803,-0.7926162888604877,8.282572731711096e-05,-0.791426426255438
0.89,-0.7803697020127969,-0.7925334631331706,9.344324389450737e-05,-0.7913329830115435
0.9,-0.7805048549141346,-0.7924400198892761,0.00010400246757691356,-0.7912289805439666
0.91,-0.7806360105731929,-0.7923360174216992,0.00011450360932231674,-0.7911144769346443
0.92,-0.7807631845606768,-0.7922215138123769,0.0001249468845263002,-0.790989530050118
0.93,-0.7808863924020966,-0.7920965669278506,0.00013533251080628111,-0.7908541975393116
0.9400000000000001,-0.781005649577893,-0.7919612344170444,0.0001456607013368763,-0.7907085368379748
0.9500000000000001,-0.7811209715235634,-0.7918155737157074,0.00015593165819186017,-0.790552605179783
0.96,-0.7812323736297542,-0.7916596420575156,0.00016614561452760884,-0.7903864595652553
0.97,-0.7813398712423971,-0.7914934964429879,0.0001763027613147991,-0.7902101568039406
0.98,-0.7814434796628159,-0.7913171936816732,0.00018640332726908848,-0.7900237534766714
0.99,-0.7815432141478461,-0.7911307903544041,0.00019644750335941902,-0.7898273059733121
1,-0.7816390899099359,-0.7909343428510447,0.000206435518299887,-0.7896208704550122
1.01,-0.7817311221172716,-0.7907279073327448,0.00021636757194052475,-0.7894045028830716
1.02,-0.7818193258938932,-0.7905115397608042,0.00022624386635042293,-0.7891782590167212
1.03,-0.7819037163198052,-0.7902852958944538,0.00023606462802149702,-0.7889421943886997
1.04,-0.7819843084310851,-0.7900492312664323,0.000245830039040211,-0.7886963643496595
1.05,-0.7820611172200083,-0.7898034012273921,0.0002555403347780094,-0.7884408240148815
1.06,-0.7821341576351448,-0.7895478608926141,0.0002651956906593242,-0.7881756283242222
1.07,-0.7822034445814826,-0.7892826652019548,0.0002747963353944352,-0.7879008319888278
1.08,-0.7822689929205463,-0.7890078688665604,0.00028434246660859197,-0.7876164895222191
1.09,-0.7823308174704967,-0.7887235263999518,0.0002938342752670936,-0.787322655246952
1.1,-0.7823889330062332,-0.7884296921246847,0.0003032719878580392,-0.787019383259094
1.11,-0.7824433542595438,-0.7881264201368267,0.0003126557842432834,-0.7867067274748507
1.12,-0.7824940959191663,-0.7878137643525833,0.00032198588869065264,-0.78638474158616
1.1300000000000001,-0.7825411726309547,-0.7874917784638927,0.00033126247884068816,-0.7860534791073194
1.1400000000000001,-0.7825845989979316,-0.787160515985052,0.000340485772298664,-0.7857129933350206
1.1500000000000001,-0.7826243895804346,-0.7868200302127534,0.0003496559644676489,-0.7853633373705531
1.16,-0.7826605588962301,-0.7864703742482857,0.0003587732551891751,-0.7850045641153639
1.17,-0.7826931214205989,-0.7861116009930965,0.0003678378398645765,-0.7846367262754993
1.18,-0.7827220915864623,-0.7857437631532319,0.00037684992277627755,-0.784259876352723
1.19,-0.7827474837844948,-0.7853669132304557,0.00038580969266392706,-0.7838740666600591
1.2,-0.7827693123632155,-0.7849811035377917,0.00039471735602848723,-0.7834793493040306
1.21,-0.7827875916291251,-0.7845863861817632,0.00040357310160908655,-0.7830757762024215
1.22,-0.7828023358467714,-0.7841828130801541,0.0004123771336858942,-0.7826633990687356
1.23,-0.7828135592389063,-0.7837704359464683,0.000421129632115734,-0.7822422694366199
1.24,-0.7828212759865628,-0.7833493063143525,0.0004298308122792707,-0.7818124386243406
1.25,-0.7828255002291766,-0.7829194755020733,0.0004384808518127087,-0.7813739577725279
1.26,-0.78282624606467,-0.7824809946502606,0.0004470799461130451,-0.7809268778264149
1.27,-0.7828235275495994,-0.7820339147041475,0.00045562829723861525,-0.7804712495291762
1.28,-0.7828173586992344,-0.781578286406909,0.000464126087264434,-0.7800071234419118
1.29,-0.7828077534876653,-0.7811141603196445,0.0004725735093664453,-0.7795345499325453
1.3,-0.7827947258479162,-0.7806415868102781,0.0004809707611611383,-0.7790535791713843
1.31,-0.7827782896720555,-0.7801606160491169,0.0004893180202817683,-0.7785642611511024
1.32,-0.7827584588112841,-0.7796712980288352,0.0004976154910047749,-0.7780666456600976
1.33,-0.7827352470760711,-0.7791736825378304,0.000505863353182992,-0.7775607823069147
1.34,-0.7827086682362308,-0.7786678191846473,0.0005140617955500838,-0.7770467205113646
1.35,-0.7826787360210348,-0.7781537573890973,0.0005222110068395409,-0.7765245095045251
1.36,-0.7826454641193278,-0.7776315463822577,0.0005303111824450646,-0.77599419832208
1.37,-0.7826088661796311,-0.7771012351998127,0.0005383624911167381,-0.7754558358309632
1.3800000000000001,-0.7825689558102206,-0.776562872708696,0.0005463651349086468,-0.7749094706960546
1.3900000000000001,-0.782525746579277,-0.7760165075737873,0.000554319293671196,-0.7743551514023834
1.4000000000000001,-0.7824792520149507,-0.775462188280116,0.0005622251539163896,-0.7737929262484671
1.41,-0.7824294856054779,-0.7748999631261997,0.0005700828932736664,-0.7732228433551934
1.42,-0.7823764607992941,-0.774329880232926,0.0005778927071349062,-0.7726449506480585
1.43,-0.7823201910051248,-0.7737519875257911,0.0005856547642480239,-0.7720592958838104
1.44,-0.7822606895920814,-0.7731663327615431,0.000593369262224825,-0.7714659266215856
1.45,-0.7821979698897962,-0.7725729634993183,0.0006010363720329766,-0.7708648902495526
1.46,-0.7821320451884927,-0.7719719271272854,0.0006086562801815333,-0.7702562339693712
1.47,-0.7820629287390933,-0.7713632708471038,0.0006162291665190792,-0.769640004802852
1.48,-0.7819906337533317,-0.7707470416805847,0.0006237552086734051,-0.7690162495941786
1.49,-0.7819151734038554,-0.7701232864719113,0.00063123458871224,-0.7683850150054664
1.5,-0.7818365608243079,-0.769492051883199,0.0006386674909235855,-0.7677463475145428
1.51,-0.7817548091094602,-0.7688533843922755,0.0006460540773920234,-0.7671002934371508
1.52,-0.7816699313152782,-0.7682073303148834,0.0006533945501676491,-0.7664468988869831
1.53,-0.7815819404590538,-0.7675539357647158,0.0006606890624534338,-0.7657862098245297
1.54,-0.7814908495194863,-0.7668932467022623,0.0006679378118577134,-0.765118272012672
1.55,-0.7813966714367815,-0.7662253088904046,0.0006751409582439298,-0.7644431310544281
1.56,-0.7812994191127699,-0.7655501679321607,0.0006822986836783375,-0.7637608323707498
1.57,-0.7811991054109915,-0.7648678692484824,0.0006894111680058775,-0.7630714212027438
1.58,-0.7810957431567878,-0.7641784580804765,0.0006964785821912678,-0.7623749426205526
1.59,-0.7809893451374325,-0.7634819794982852,0.0007035010949773927,-0.7616714415255752
1.6,-0.7808799241021868,-0.7627784784033078,0.0007104788884298129,-0.7609609626371454
1.61,-0.7807674927624453,-0.762067999514878,0.0007174121268500866,-0.7602435505102952
1.62,-0.7806520637917883,-0.761350587388028,0.0007243009945240471,-0.7595192495157712
1.6300000000000001,-0.7805336498261167,-0.7606262863935039,0.0007311456490917412,-0.7587881038666795
1.6400000000000001,-0.7804122634637294,-0.7598951407444121,0.0007379462726179488,-0.7580501575940616
1.6500000000000001,-0.7802879172654352,-0.7591571944717942,0.0007447030316238938,-0.7573054545624377
1.6600000000000001,-0.7801606237546297,-0.7584124914401703,0.0007514160970718657,-0.7565540384653657
1.67,-0.7800303954174159,-0.7576610753430985,0.0007580856354832619,-0.7557959528298825
1.68,-0.7798972447026903,-0.7569029897076152,0.0007647118267005946,-0.755031241003182
1.69,-0.779761184022239,-0.7561382778809146,0.0007712948172623746,-0.7542599461859195
1.7,-0.779622225750836,-0.7553669830636522,0.0007778348069932203,-0.7534821113789263
1.71,-0.7794803822263353,-0.754589148256659,0.0007843319291095732,-0.7526977794498168
1.72,-0.7793356657497748,-0.7538048163275494,0.0007907863812153457,-0.7519069930686014
1.73,-0.7791880885854724,-0.753014029946334,0.0007971983031873631,-0.7511097947654141
1.74,-0.7790376629611167,-0.7522168316431467,0.0008035678859681997,-0.7503062268794458
1.75,-0.7788844010678597,-0.7514132637571785,0.0008098952738748791,-0.7494963316055709
1.76,-0.7787283150604174,-0.7506033684833037,0.0008161806400875347,-0.7486801509654835
1.77,-0.778569417057166,-0.7497871878432161,0.000822424153345408,-0.747857726812138
1.78,-0.7784077191402355,-0.7489647636898706,0.0008286259690663648,-0.7470291008430716
1.79,-0.7782432333555999,-0.7481361377208043,0.000834786262650291,-0.7461943145804214
1.8,-0.7780759717131749,-0.747301351458154,0.0008409051784125619,-0.7453534094020088
1.81,-0.7779059461869104,-0.7464604462797415,0.0008469828961938687,-0.7445064265058149
1.82,-0.7777331687148863,-0.7456134633835476,0.0008530195691903303,-0.7436534069366246
1.83,-0.7775576511994103,-0.7447604438143572,0.0008590153572594038,-0.7427943915793652
1.84,-0.77737940550711,-0.7439014284570978,0.0008649704246983109,-0.7419294211546669
1.85,-0.7771984434690042,-0.7430364580323996,0.0008708849313641617,-0.7410585362233028
1.86,-0.7770147768806341,-0.7421655731010354,0.0008767590393340789,-0.7401817771839686
1.87,-0.7768284175021252,-0.7412888140617013,0.0008825928973629424,-0.7392991842866057
1.8800000000000001,-0.7766393770582982,-0.7404062211643384,0.000888386680848903,-0.7384107976057568
1.8900000000000001,-0.776447667238745,-0.7395178344834895,0.000894140527445738,-0.737516657078311
1.9000000000000001,-0.7762532996979368,-0.7386236939560438,0.0008998546147714372,-0.7366168024635397
1.9100000000000001,-0.7760562860553032,-0.7377238393412723,0.000905529082699183,-0.7357112733808404
1.92,-0.7758566378953415,-0.7368183102585731,0.0009111641044068537,-0.7348001092764336
1.93,-0.775654366767679,-0.7359071461541663,0.0009167598242075699,-0.733883349452226
1.94,-0.7754494841871934,-0.7349903863299587,0.000922316397516422,-0.7329610330547096
1.95,-0.7752420016340813,-0.7340680699324422,0.0009278339819683394,-0.7320331990727412
1.96,-0.77503193055398,-0.733140235950474,0.0009333127418589826,-0.7310998863308823
1.97,-0.7748192823580075,-0.7322069232086149,0.000938752819281026,-0.7301611335116013
1.98,-0.7746040684229059,-0.7312681703893339,0.0009441543607676024,-0.7292169791508336
1.99,-0.7743863000910933,-0.7303240160285663,0.0009495175394952891,-0.7282674616113384
2,-0.7741659886707803,-0.729374498489071,0.000954842499776426,-0.727312619111562
2.0100000000000002,-0.7739431454360396,-0.7284196559892946,0.0009601293837032537,-0.7263524897278587
2.02,-0.7737177816269013,-0.7274595266055913,0.0009653783577910115,-0.7253871113700677
2.0300000000000002,-0.7734899084494555,-0.7264941482478003,0.0009705895641313328,-0.7244165218059363
2.04,-0.7732595370759227,-0.725523558683669,0.0009757631559180815,-0.7234407586500182
2.05,-0.7730266786447441,-0.724547795527751,0.0009808992841231143,-0.7224598593658952
2.06,-0.7727913442606813,-0.7235668962436278,0.0009859980952792169,-0.721473861270616
2.07,-0.7725535449949013,-0.7225808981483486,0.000991059742579039,-0.7204828015280369
2.08,-0.7723132918850635,-0.7215898384057695,0.000996084372554499,-0.7194867171554824
2.09,-0.7720705959354038,-0.720593754033215,0.0010010721361778004,-0.7184856450193046
2.1,-0.7718254681168173,-0.7195926818970373,0.0010060231733196971,-0.7174796218459849
2.11,-0.7715779193669627,-0.7185866587237175,0.0010109376416132972,-0.7164686842043716
2.12,-0.7713279605903431,-0.7175757210821042,0.0010158156809292676,-0.7154528685234424
2.13,-0.7710756026583789,-0.716559905401175,0.0010206574400191057,-0.7144322110834233
2.14,-0.770820856409516,-0.7155392479611559,0.001025463060973144,-0.7134067480224501
2.15,-0.7705637326492957,-0.7145137849001827,0.0010302326992042178,-0.7123765153232459
2.16,-0.7703042421504541,-0.7134835522009785,0.0010349664879213093,-0.7113415488353245
2.17,-0.7700423956529907,-0.7124485857130572,0.001039664573655296,-0.7103018842616693
2.18,-0.7697782038642763,-0.7114089211394019,0.0010443271140387657,-0.7092575571476305
2.19,-0.7695116774591272,-0.7103645940253631,0.0010489542311789037,-0.7082086029164516
2.2,-0.7692428270798826,-0.7093156397941842,0.0010535460804877647,-0.7071550568359638
2.21,-0.7689716633365109,-0.7082620937136965,0.0010581028062756938,-0.7060969540296881
2.22,-0.7686981968066727,-0.7072039909074208,0.0010626245461916976,-0.7050343294834964
2.23,-0.7684224380358157,-0.706141366361229,0.001067111440105576,-0.7039672180433909
2.24,-0.768144397537269,-0.7050742549211235,0.0010715636323275005,-0.7028956544110634
2.25,-0.7678640857923118,-0.704002691288796,0.0010759812627262298,-0.7018196731483372
2.2600000000000002,-0.7675815132502642,-0.7029267100260698,0.0010803644733921834,-0.7007393086749449
2.27,-0.7672966903285696,-0.7018463455526776,0.00108471340419386,-0.6996545952707511
2.2800000000000002,-0.7670096274128834,-0.7007616321484837,0.0010890281861195353,-0.6985655670846316
2.29,-0.7667203348571474,-0.6996726039623642,0.0010933089701399383,-0.6974722581144917
2.3000000000000003,-0.7664288229836898,-0.6985792949922243,0.00109755588946275,-0.6963747022250288
2.31,-0.7661351020832892,-0.6974817391027616,0.0011017690817369773,-0.6952729331432919
2.32,-0.7658391824152688,-0.6963799700210246,0.0011059486779502019,-0.6941669844653416
2.33,-0.7655410742075784,-0.6952740213430744,0.001110094831292905,-0.6930568896340488
2.34,-0.7652407876568671,-0.6941639265117814,0.0011142076638715782,-0.6919426819701772
2.35,-0.7649383329285906,-0.6930497188479099,0.001118287319995439,-0.6908243946501818
2.36,-0.7646337201570595,-0.6919314315279144,0.0011223339284315362,-0.6897020607217502
2.37,-0.7643269594455476,-0.6908090975994828,0.0011263476290487157,-0.6885757130927015
2.38,-0.7640180608663686,-0.6896827499704341,0.0011303285572746707,-0.6874453845354268
2.39,-0.7637070344609476,-0.6885524214131595,0.0011342768485371815,-0.6863111076868896
2.4,-0.7633938902399083,-0.6874181445646224,0.0011381926316033839,-0.6851729150552863
2.41,-0.7630786381831639,-0.6862799519330189,0.001142076046341603,-0.6840308390089447
2.42,-0.7627612882399788,-0.6851378758866773,0.0011459272170780826,-0.6828849117918666
2.43,-0.762441850329062,-0.6839919486695992,0.001149746288121433,-0.6817351655037451
2.44,-0.7621203343386539,-0.6828422023814779,0.0011535333771369068,-0.6805816321266083
2.45,-0.7617967501265902,-0.6816886690043409,0.0011572886350946256,-0.6794243434915136
2.46,-0.7614711075203952,-0.6805313803692463,0.0011610121752186897,-0.6782633313162949
2.47,-0.7611434163173526,-0.6793703681940276,0.0011647041395974368,-0.6770986271766974
2.48,-0.7608136862845947,-0.6782056640544302,0.001168364650336838,-0.6759302625263607
2.49,-0.7604819271591765,-0.6770372994040933,0.0011719938450844257,-0.6747582686812762
2.5,-0.7601481486481547,-0.6758653055590089,0.0011755918548270877,-0.6735826768264491
2.5100000000000002,-0.7598123604286683,-0.6746897137041818,0.0011791587950092837,-0.6724035180314398
2.52,-0.7594745721480188,-0.6735105549091726,0.0011826948166003548,-0.6712208232148396
2.5300000000000002,-0.7591347934237483,-0.6723278600925722,0.0011862000195031128,-0.6700346231953364
2.54,-0.7587930338437123,-0.6711416600730691,0.0011896745591271837,-0.6688449486362092
2.5500000000000003,-0.7584493029661783,-0.6699519855139419,0.0011931185531374733,-0.6676518300830717
2.56,-0.7581036103198738,-0.6687588669608044,0.0011965321147582551,-0.6664552979683135
2.57,-0.757755965404088,-0.6675623348460461,0.0011999153949586103,-0.6652553825733548
2.58,-0.7574063776887425,-0.6663624194510875,0.0012032685025221805,-0.6640521140708326
2.59,-0.7570548566144656,-0.6651591509485654,0.0012065915706557795,-0.6628455225001769
2.6,-0.756701411592674,-0.6639525593779095,0.0012098847170238791,-0.661635637783153
2.61,-0.7563460520056503,-0.6627426746608857,0.0012131480837145568,-0.6604224896994385
2.62,-0.7559887872066184,-0.6615295265771711,0.0012163817728504632,-0.659206107926588
2.63,-0.7556296265198206,-0.6603131448043207,0.0012195859242989694,-0.657986522002289
2.64,-0.7552685792405954,-0.6590935588800217,0.0012227606646062449,-0.6567637613376828
2.65,-0.7549056546354547,-0.6578707982154155,0.001225906095893986,-0.6555378552417888
2.66,-0.7545408619421501,-0.6566448921195215,0.001229022371352674,-0.6543088328704362
2.67,-0.7541742103697715,-0.6554158697481688,0.0012321095820020354,-0.6530767232884341
2.68,-0.7538057090988022,-0.6541837601661668,0.0012351678788120185,-0.6518415554096221
2.69,-0.753435367281204,-0.6529485922873547,0.0012381973594641216,-0.650603358050158
2.7,-0.7530631940404897,-0.6517103949278906,0.001241198166045815,-0.6493621598841122
2.71,-0.7526891984718006,-0.6504691967618448,0.0012441704051205545,-0.6481179894789916
2.72,-0.752313389641983,-0.6492250263567243,0.0012471142010135432,-0.646870875277978
2.73,-0.7519357765896586,-0.6479779121557107,0.001250029673609352,-0.6456208456043687
2.74,-0.7515563683253048,-0.6467278824821013,0.001252916949453977,-0.6443679286549148
2.75,-0.7511751738313303,-0.6454749655326474,0.0012557761351100934,-0.6431121525198046
2.7600000000000002,-0.7507922020621324,-0.6442191893975373,0.001258607366004614,-0.6418535451538
2.77,-0.7504074619442037,-0.6429605820315326,0.0012614107420395697,-0.6405921344117604
2.7800000000000002,-0.7500209623761784,-0.641699171289493,0.0012641863964215141,-0.6393279480153389
2.79,-0.7496327122289111,-0.6404349848930716,0.0012669344423742873,-0.6380610135729646
2.8000000000000003,-0.7492427203455679,-0.6391680504506972,0.0012696549886813575,-0.6367913585842833
2.81,-0.7488509955416796,-0.637898395462016,0.0012723481729891295,-0.6355190104112941
2.82,-0.7484575466052206,-0.6366260472890268,0.001275014084098705,-0.6342439963271954
2.83,-0.7480623822966918,-0.6353510332049281,0.001277652864097728,-0.6329663434630978
2.84,-0.7476655113491842,-0.6340733803408304,0.001280264615108502,-0.6316860788479892
2.85,-0.7472669424684478,-0.6327931157257218,0.0012828494547953255,-0.6304032293931939
2.86,-0.7468666843329838,-0.6315102662709265,0.0012854074986024845,-0.6291178218945914
2.87,-0.7464647455940923,-0.630224858772324,0.0012879388619739182,-0.6278298830326174
2.88,-0.7460611348759574,-0.6289369199103502,0.0012904436603539994,-0.6265394393722635
2.89,-0.7456558607757316,-0.6276464762499961,0.0012929220025258495,-0.6252465173697377
2.9,-0.7452489318635803,-0.6263535542474703,0.0012953740061536802,-0.6239511433635839
2.91,-0.7448403566827698,-0.6250581802413167,0.0012977997911226696,-0.6226533435724613
2.92,-0.7444301437497477,-0.623760380450194,0.0013001994506738578,-0.6213531441217874
2.93,-0.7440183015541928,-0.62246018099952,0.0013025731224543431,-0.6200505709993331
2.94,-0.7436048385591038,-0.6211576078770658,0.0013049208974846328,-0.6187456501018485
2.95,-0.7431897632008583,-0.6198526869795811,0.001307242900090884,-0.6174384072017576
2.96,-0.7427730838892995,-0.6185454440794902,0.0013095392323949663,-0.6161288679693626
2.97,-0.7423548090077907,-0.6172359048470952,0.0013118100142818848,-0.6148170579550807
2.98,-0.7419349469132923,-0.6159240948328134,0.0013140553500943022,-0.6135030026049865
2.99,-0.7415135059364357,-0.6146100394827191,0.0013162753552763314,-0.6121867272497101
3,-0.7410904943815876,-0.6132937641274427,0.0013184701363915148,-0.6108682571133186
3.0100000000000002,-0.7406659205269218,-0.6119752939910512,0.0013206397933412765,-0.6095476173199773
3.02,-0.7402397926244941,-0.6106546541977099,0.0013227844593328639,-0.6082248328606444
3.0300000000000002,-0.7398121189003103,-0.609331869738377,0.0013249042187261396,-0.6068999286419183
3.04,-0.739382907554385,-0.6080069655196509,0.0013269991958468272,-0.6055729294460714
3.0500000000000003,-0.7389521667608266,-0.6066799663238042,0.0013290694905969576,-0.6042438599554745
3.06,-0.7385199046678966,-0.6053508968332072,0.0013311152095398134,-0.6029127447459347
3.0700000000000003,-0.7380861293980808,-0.6040197816236673,0.0013331364658992345,-0.6015796082800354
3.08,-0.7376508490481656,-0.6026866451577682,0.0013351333662387638,-0.6002444749137967
3.09,-0.737214071689295,-0.6013515117915293,0.0013371060126807915,-0.598907368901116
3.1,-0.7367758053670422,-0.6000144057788486,0.001339054514008873,-0.597568314387107
3.11,-0.7363360581014857,-0.5986753512648397,0.0013409789723456585,-0.5962273354147614
3.12,-0.7358948378872676,-0.597334372292494,0.0013428795031357812,-0.5948844559116256
3.13,-0.7354521526936697,-0.5959914927893583,0.0013447561996204546,-0.5935396997120052
3.14,-0.7350080104646762,-0.5946467365897378,0.0013466091728038532,-0.5921930905392013
3.15,-0.734562419119043,-0.5933001274169339,0.0013484385270289,-0.5908446520121724
3.16,-0.7341153865503631,-0.591951688889905,0.0013502443644184195,-0.589494407647754
3.17,-0.7336669206271408,-0.5906014445254866,0.00135202679375614,-0.5881423808539978
3.18,-0.7332170291928539,-0.5892494177317305,0.0013537859105038942,-0.5867885949434939
3.19,-0.7327657200660165,-0.5878956318212266,0.0013555218212250517,-0.5854330731222689
3.2,-0.7323130010402545,-0.5865401100000015,0.0013572346324833284,-0.5840758384897855
3.21,-0.7318588798843655,-0.5851828753675182,0.0013589244397406441,-0.5827169140500449
3.22,-0.7314033643423912,-0.5838239509277776,0.001360591349560368,-0.5813563227004845
3.23,-0.730946462133683,-0.5824633595782172,0.0013622354618453118,-0.5799940872386392
3.24,-0.7304881809529575,-0.5811011241163719,0.0013638568831591917,-0.57863023035548
3.25,-0.7300285284703811,-0.5797372672332127,0.001365455704523122,-0.5772647746509569
3.2600000000000002,-0.7295675123316188,-0.5783718115286896,0.0013670320325010789,-0.5758977426184558
3.27,-0.72910514015791,-0.5770047794961884,0.0013685859736567788,-0.5745291566447991
3.2800000000000002,-0.728641419546133,-0.5756361935225317,0.001370117607909973,-0.573159039036889
3.29,-0.7281763580688597,-0.5742660759146218,0.0013716270640277972,-0.5717874119728613
3.3000000000000003,-0.7277099632744476,-0.5728944488505939,0.0013731144108285534,-0.5704142975620328
3.31,-0.7272422426870678,-0.5715213344397654,0.0013745797704186463,-0.5690397177916141
3.3200000000000003,-0.726773203806802,-0.5701467546693467,0.0013760232315989177,-0.5676636945600152
3.33,-0.7263028541096883,-0.5687707314377478,0.0013774448942727863,-0.5662862496657424
3.34,-0.7258312010477921,-0.567393286543475,0.0013788448494618001,-0.5649074048162805
3.35,-0.725358252049278,-0.5660144416940133,0.0013802232081705675,-0.56352718160811
3.36,-0.7248840145184567,-0.5646342184858427,0.00138158006142107,-0.5621456015466889
3.37,-0.7244084958358639,-0.5632526384244216,0.001382915500235029,-0.560762686046454
3.38,-0.723931703358318,-0.5618697229241866,0.001384229628956235,-0.5593784564174977
3.39,-0.7234536444189879,-0.5604854932952303,0.0013855225386067566,-0.5579929338788909
3.4,-0.7229743263274492,-0.5590999707566235,0.0013867943357506567,-0.5566061395431403
3.41,-0.7224937563697561,-0.5577131764208729,0.0013880450980880213,-0.5552180944450522
3.42,-0.7220119418085041,-0.5563251313227849,0.001389274938844165,-0.5538288195062081
3.43,-0.7215288898828857,-0.5549358563839407,0.001390483944600611,-0.5524383355616075
3.44,-0.7210446078087573,-0.5535453724393401,0.0013916722041588947,-0.5510466633574486
3.45,-0.7205591027787048,-0.5521537002351812,0.0013928398240835999,-0.549653823533365
3.46,-0.7200723819621051,-0.5507608604110976,0.0013939868909563363,-0.5482598366424086
3.47,-0.7195844525051885,-0.5493668735201412,0.0013951134980197052,-0.5468647231443889
3.48,-0.7190953215310992,-0.5479717600221216,0.0013962197429565927,-0.5454685034014324
3.49,-0.718604996139958,-0.546575540279165,0.0013973057190100335,-0.5440711976824223
3.5,-0.718113483408924,-0.545178234560155,0.001398371510541365,-0.542672826171881
3.5100000000000002,-0.7176207903922636,-0.5437798630496136,0.0013994172218947248,-0.5412734089499862
3.52,-0.7171269241214012,-0.5423804458277188,0.0014004429352116113,-0.5398729660147746
3.5300000000000002,-0.7166318916049897,-0.5409800028925073,0.001401448748175084,-0.5384715172665995
3.54,-0.7161356998289656,-0.5395785541443322,0.0014024347495877193,-0.5370690825170118
3.5500000000000003,-0.7156383557566139,-0.5381761193947444,0.0014034010326922919,-0.5356656814843195
3.56,-0.7151398663286301,-0.5367727183620522,0.0014043476862909444,-0.5342613337980285
3.5700000000000003,-0.7146402384631785,-0.5353683706757613,0.0014052748014066994,-0.5328560589966219
3.58,-0.7141394790559548,-0.5339630958743545,0.0014061824646212535,-0.5314498765320006
3.59,-0.7136375949802458,-0.5325569134097332,0.0014070707780591656,-0.5300428057539415
3.6,-0.7131345930869919,-0.5311498426316741,0.0014079398172011162,-0.5286348659367404
3.61,-0.7126304802048458,-0.529741902814473,0.0014087896797305988,-0.5272260762570097
3.62,-0.712125263140229,-0.5283331131347424,0.0014096204522301772,-0.5258164558047795
3.63,-0.7116189486774012,-0.5269234926825123,0.001410432221281982,-0.5244060235834975
3.64,-0.7111115435785158,-0.5255130604612303,0.0014112250779090355,-0.5229947985055885
3.65,-0.7106030545836758,-0.5241018353833212,0.0014119991131345336,-0.521582799392454
3.66,-0.7100934884109946,-0.5226898362701866,0.0014127544024388101,-0.5201700449900152
3.67,-0.7095828517566654,-0.5212770818677479,0.0014134910523878365,-0.5187565539376273
3.68,-0.7090711512950063,-0.51986359081536,0.0014142091340215747,-0.5173423448036057
3.69,-0.7085583936785295,-0.5184493816813385,0.0014149087428039393,-0.5159274360608018
3.7,-0.7080445855379957,-0.5170344729385346,0.00141558995865659,-0.5145118461021453
3.71,-0.7075297334824718,-0.5156188829798779,0.0014162528748232553,-0.513095593227322
3.72,-0.7070138440993977,-0.5142026301050546,0.00141689757566614,-0.5116786956516559
3.73,-0.7064969239546366,-0.5127857325293885,0.0014175241433275233,-0.5102611715083283
3.74,-0.7059789795925364,-0.511368208386061,0.0014181326621697833,-0.5088430388461586
3.75,-0.7054600175359882,-0.5099500757238912,0.001418723225436909,-0.5074243156207217
3.7600000000000002,-0.7049400442864842,-0.5085313524984543,0.0014192959152710058,-0.5060050197054506
3.77,-0.7044190663241772,-0.5071120565831833,0.00141985080271299,-0.5045851689027376
3.7800000000000002,-0.703897090107936,-0.5056922057804702,0.0014203879943283128,-0.5031647809084093
3.79,-0.7033741220754065,-0.5042718177861419,0.0014209075589380511,-0.5017438733494712
3.8000000000000003,-0.7028501686430654,-0.502850910227204,0.0014214095853452152,-0.500322463764126
3.81,-0.7023252362062793,-0.5014295006418588,0.00142189414903144,-0.4989005696150946
3.8200000000000003,-0.7017993311393634,-0.5000076064928273,0.0014223613454613336,-0.4974782082696333
3.83,-0.701272459795637,-0.49858524514736596,0.001422811256777349,-0.49605539701285595
3.84,-0.7007446285074863,-0.4971624338905886,0.0014232439495799436,-0.494632153063276
3.85,-0.7002158435864062,-0.49573918994100863,0.0014236595215540854,-0.4932084935417219
3.86,-0.6996861113230781,-0.4943155304194546,0.0014240580526222145,-0.4917844354890997
3.87,-0.6991554379874058,-0.49289147236683234,0.0014244396160458667,-0.49035999587305384
3.88,-0.6986238298285886,-0.4914670327507865,0.0014248043072898238,-0.48893519156576404
3.89,-0.6980912930751724,-0.49004222844349665,0.0014251521862935525,-0.48751003937947046
3.9,-0.6975578339350957,-0.48861707625720313,0.0014254833596239781,-0.48608455601984646
3.91,-0.6970234585957633,-0.48719159289757913,0.0014257978850001213,-0.4846587581348464
3.92,-0.6964881732240873,-0.485765795012579,0.001426095855666925,-0.48323266227917944
3.93,-0.6959519839665538,-0.4843396991569121,0.001426377349326817,-0.4818062849298526
3.94,-0.6954148969492693,-0.4829133218075853,0.0014266424414618659,-0.48037964248839077
3.95,-0.6948769182780261,-0.4814866793661234,0.0014268912208762093,-0.4789527512675145
3.96,-0.6943380540383467,-0.4800597881452472,0.001427123751950813,-0.4775256275155637
3.97,-0.693798310295545,-0.4786326643932964,0.0014273401257099139,-0.4760982873898538
3.98,-0.6932576930947876,-0.4772053242675865,0.0014275404176361875,-0.4746707469722176
3.99,-0.6927162084611334,-0.4757777838499503,0.0014277247076525078,-0.4732430222645651
4,-0.6921738623996041,-0.4743500591422978,0.0014278930623600264,-0.4718151292022051
4.01,-0.6916306608952285,-0.47292216607993776,0.001428045577224566,-0.47038708362498055
4.0200000000000005,-0.691086609913101,-0.47149412050271317,0.001428182316626659,-0.4689589013083539
4.03,-0.690541715398436,-0.47006593818608655,0.001428303364930418,-0.46753059794342344
4.04,-0.6899959832766227,-0.4686376348211561,0.0014284087931780605,-0.46610218915024537
4.05,-0.6894494194532779,-0.46720922602797804,0.0014284986835129063,-0.46467369046673246
4.0600000000000005,-0.6889020298142989,-0.46578072734446513,0.001428573106977346,-0.46324511735975515
4.07,-0.6883538202259221,-0.46435215423748777,0.001428632147935753,-0.4618164852118194
4.08,-0.6878047965347713,-0.46292352208955206,0.001428675870768746,-0.4603878093410506
4.09,-0.6872549645679127,-0.4614948462187833,0.001428704362061578,-0.45895910497898906
4.1,-0.686704330132913,-0.46006614185672173,0.0014287176906359333,-0.4575303872883531
4.11,-0.6861528990178847,-0.45863742416608577,0.0014287159275340293,-0.4561016713608191
4.12,-0.6856006769915488,-0.45720870823855175,0.0014286991637817506,-0.45467297219703734
4.13,-0.6850476698032798,-0.45578000907477,0.001428667457099072,-0.45324430473993826
4.14,-0.684493883183161,-0.45435134161767093,0.0014286208896306142,-0.4518156838503077
4.15,-0.6839393228420384,-0.4529227207280403,0.0014285595301984956,-0.4503871243201092
4.16,-0.6833839944715752,-0.4514941611978418,0.0014284834609469034,-0.44895864085916226
4.17,-0.6828279037442986,-0.45006567773689493,0.00142839274847803,-0.4475302481106842
4.18,-0.6822710563136587,-0.4486372849884169,0.0014282874660547992,-0.4461019606446294
4.19,-0.681713457814078,-0.4472089975223621,0.0014281676936015592,-0.4446737929510279
4.2,-0.6811551138610022,-0.44578082982876055,0.0014280334932795236,-0.44324575945774836
4.21,-0.6805960300509503,-0.444352796335481,0.0014278849472335736,-0.4418178745105148
4.22,-0.6800362119615768,-0.4429249113882474,0.0014277221198455425,-0.44039015239066925
4.23,-0.6794756651517112,-0.44149718926840187,0.0014275450954803239,-0.43896260729518893
4.24,-0.6789143951614164,-0.44006964417292155,0.0014273539251981153,-0.4375352533699908
4.25,-0.6783524075120372,-0.43864229024772344,0.0014271486978046158,-0.4361081046721862
4.26,-0.6777897077062564,-0.4372151415499188,0.0014269294821228108,-0.4346811751900634
4.2700000000000005,-0.6772263012281385,-0.435788212067796,0.0014266963380939884,-0.4332544788519694
4.28,-0.6766621935431854,-0.43436151572970205,0.0014264493545242812,-0.4318280294974451
4.29,-0.6760973900983945,-0.43293506637517776,0.0014261885869146923,-0.4304018409105304
4.3,-0.6755318963222935,-0.4315088777882631,0.0014259141063083063,-0.4289759268042221
4.3100000000000005,-0.6749657176250018,-0.43008296368195476,0.0014256259904099795,-0.4275503008138121
4.32,-0.674398859398281,-0.4286573376915448,0.0014253243080425242,-0.4261249765057696
4.33,-0.6738313270155826,-0.42723201338350225,0.0014250091191478353,-0.42469996738662175
4.34,-0.6732631258321005,-0.4258070042643544,0.001424680503651042,-0.4232752868829707
4.3500000000000005,-0.6726942611848177,-0.4243823237607034,0.0014243385237141387,-0.4218509483592566
4.36,-0.6721247383925606,-0.42295798523698924,0.001423983254821709,-0.4204269651044349
4.37,-0.6715545627560486,-0.4215340019821675,0.001423614754695289,-0.41900335034973957
4.38,-0.6709837395579353,-0.42011038722747224,0.0014232331032600944,-0.4175801172464795
4.39,-0.6704122740628773,-0.41868715412421215,0.0014228383626789,-0.4161572788838006
4.4,-0.6698401715175606,-0.4172643157615332,0.0014224305973339728,-0.4147348482864666
4.41,-0.6692674371507675,-0.4158418851641993,0.001422009882710417,-0.4133128384037562
4.42,-0.6686940761734208,-0.4144198752814888,0.0014215762831911935,-0.411891262120565
4.43,-0.6681200937786274,-0.41299829899829765,0.0014211298609385567,-0.4104701322596265
4.44,-0.6675454951417354,-0.4115771691373591,0.0014206706869972392,-0.4090494615726292
4.45,-0.6669702854203794,-0.41015649845036184,0.0014201988257499416,-0.4076292627468793
4.46,-0.6663944697545308,-0.40873629962461194,0.0014197143482407894,-0.4062095483986385
4.47,-0.665818053266544,-0.40731658527637116,0.0014192173166331645,-0.4047903310820053
4.48,-0.6652410410612093,-0.40589736795973796,0.0014187077975303872,-0.4033716232844749
4.49,-0.6646634382257937,-0.40447866016220757,0.0014181858530952322,-0.4019534374313797
4.5,-0.6640852498300973,-0.40306047430911235,0.001417651556592965,-0.4005357858747867
4.51,-0.6635064809265032,-0.4016428227525194,0.0014171049635251093,-0.3991186809112616
4.5200000000000005,-0.6629271365500111,-0.4002257177889943,0.0014165461515977355,-0.3977021347596639
4.53,-0.6623472217183052,-0.39880917163739654,0.001415975167431277,-0.3962861595922326
4.54,-0.6617667414317859,-0.39739319646996524,0.0014153920931721763,-0.3948707674990604
4.55,-0.6611857006736255,-0.3959778043767931,0.001414796984322824,-0.39345597051473763
4.5600000000000005,-0.6606041044098162,-0.39456300739247024,0.0014141899008260697,-0.39204178061391154
4.57,-0.6600219575892123,-0.3931488174916442,0.0014135709159470919,-0.39062820969796447
4.58,-0.6594392651435848,-0.3917352465756971,0.001412940089629,-0.38921526960833547
4.59,-0.6588560319876628,-0.3903223064860681,0.0014122974840353499,-0.3878029721243001
4.6000000000000005,-0.6582722630191801,-0.38891000900203276,0.0014116431568888047,-0.3863913289674113
4.61,-0.6576879631189291,-0.38749836584514397,0.0014109771836754229,-0.38498035178373585
4.62,-0.6571031371508013,-0.3860873886614685,0.001410299613236344,-0.3835700521704995
4.63,-0.6565177899618408,-0.38467708904823217,0.0014096105254983015,-0.38216044164500124
4.64,-0.6559319263822814,-0.38326747852273385,0.0014089099559810164,-0.3807515316890202
4.65,-0.6553455512255981,-0.3818585685667529,0.0014081979957123684,-0.37934333369330786
4.66,-0.6547586692885585,-0.3804503705710405,0.001407474686873503,-0.37793585900643434
4.67,-0.6541712853512623,-0.379042895884167,0.0014067400960689116,-0.37652911891036545
4.68,-0.6535834041771894,-0.37763615578809806,0.001405994287682769,-0.37512312462268266
4.69,-0.6529950305132455,-0.3762301615004153,0.0014052373194385626,-0.37371788730324407
4.7,-0.6524061690898137,-0.37482492418097674,0.0014044692579408269,-0.37231341804530327
4.71,-0.6518168246207902,-0.37342045492303594,0.0014036901498114696,-0.3709097278954918
4.72,-0.6512270018036359,-0.37201676477322443,0.0014029000705366359,-0.36950682782495514
4.73,-0.6506367053194271,-0.3706138647026878,0.0014020990733990511,-0.3681047287515561
4.74,-0.6500459398328916,-0.36921176562928876,0.0014012872205630949,-0.366703441530993
4.75,-0.6494547099924612,-0.36781047840872566,0.0014004645675320254,-0.365302976963461
4.76,-0.6488630204303089,-0.36641001384119365,0.001399631178690408,-0.36390334578477057
4.7700000000000005,-0.6482708757624057,-0.36501038266250324,0.0013987871117620773,-0.3625045586730085
4.78,-0.6476782805885555,-0.3636115955507412,0.0013979324244708241,-0.3611066262485377
4.79,-0.6470852394924425,-0.36221366312627035,0.0013970671745402227,-0.35970955907399743
4.8,-0.6464917570416836,-0.3608165959517301,0.0013961914219147702,-0.35831336765208266
4.8100000000000005,-0.6458978377878591,-0.35942040452981533,0.001395305233199565,-0.35691806241888313
4.82,-0.6453034862665721,-0.3580250992966158,0.001394408650576143,-0.35552365376830697
4.83,-0.644708706997484,-0.35663069064603964,0.0013935017450905814,-0.3541301520232164
4.84,-0.6441135044843612,-0.3552371889009491,0.0013925845700263426,-0.35273756745319007
4.8500000000000005,-0.6435178832151182,-0.3538446043309227,0.0013916571742259107,-0.3513459102789641
4.86,-0.6429218476618601,-0.3524529471566968,0.0013907196398376363,-0.3499551906391265
4.87,-0.6423254022809408,-0.35106222751685917,0.0013897719957206393,-0.34856541864340584
4.88,-0.6417285515129814,-0.3496724555211385,0.0013888143129216907,-0.3471766043304842
4.89,-0.6411312997829374,-0.3482836412082168,0.001387846649164885,-0.3457887576813193
4.9,-0.6405336515001306,-0.34689579455905195,0.0013868690555135423,-0.34440188862580573
4.91,-0.6399356110582946,-0.3455089255035384,0.0013858815896919743,-0.3430160070361138
4.92,-0.6393371828356245,-0.3441230439138464,0.0013848843116449384,-0.3416311227244688
4.93,-0.6387383711948083,-0.3427381596022015,0.0013838772724361452,-0.34024724545203267
4.94,-0.6381391804830813,-0.34135428232976534,0.0013828605364507671,-0.3388643849155819
4.95,-0.6375396150322643,-0.3399714217933146,0.001381834139210043,-0.3374825507763719
4.96,-0.6369396791588026,-0.3385895876541045,0.0013807981584217782,-0.3361017526179501
4.97,-0.6363393771638232,-0.3372087894956828,0.001379752642929194,-0.3347219999750209
4.98,-0.6357387133331617,-0.33582903685275356,0.0013786976349143467,-0.33334330234010656
4.99,-0.6351376919374122,-0.33445033921783923,0.001377633209865203,-0.33196566913024134
5,-0.6345363172319723,-0.333072706007974,0.001376559401082252,-0.3305891097291591
5.01,-0.6339345934570765,-0.3316961466068918,0.0013754762796127848,-0.3292136334495463
5.0200000000000005,-0.6333325248378545,-0.33032067032727896,0.0013743838898593475,-0.32783924955968696
5.03,-0.6327301155843534,-0.32894628643741963,0.0013732822917673915,-0.3264659672679196
5.04,-0.632127369891602,-0.3275730041456522,0.0013721715341803113,-0.32509379573373925
5.05,-0.6315242919396294,-0.3262008326114719,0.001371051670382567,-0.3237227440633567
5.0600000000000005,-0.6309208858935257,-0.3248297809410894,0.0013699227625398828,-0.3223528213008168
5.07,-0.6303171559034794,-0.3234598581785495,0.00136878484839416,-0.3209840364524227
5.08,-0.6297131061048095,-0.3220910733301553,0.0013676379945521018,-0.31961639845787054
5.09,-0.6291087406180235,-0.3207234353356032,0.00136648224763696,-0.3182499162102336
5.1000000000000005,-0.6285040635488435,-0.31935695308796624,0.0013653176564926497,-0.31688459855374096
5.11,-0.6278990789882557,-0.31799163543147363,0.00136414428994645,-0.3155204542637945
5.12,-0.6272937910125552,-0.31662749114152716,0.0013629621724178028,-0.3141574920913767
5.13,-0.6266882036833741,-0.31526452896910934,0.001361771386056707,-0.31279572070531997
5.14,-0.6260823210477409,-0.31390275758305264,0.0013605719575031372,-0.31143514874781686
5.15,-0.6254761471381007,-0.31254218562554953,0.0013593639511437407,-0.31007578479667314
5.16,-0.6248696859723812,-0.31118282167440575,0.001358147422483814,-0.3087176373741893
5.17,-0.6242629415540053,-0.30982467425192195,0.0013569224070451597,-0.3073607149671441
5.18,-0.6236559178719574,-0.3084677518448768,0.0013556889736554036,-0.3060050259934887
5.19,-0.623048618900806,-0.3071120628712214,0.0013544471533955427,-0.30465057884009317
5.2,-0.6224410486007522,-0.30575761571782584,0.0013531970195342687,-0.30329738182055893
5.21,-0.6218332109176731,-0.3044044186982916,0.0013519386009322194,-0.3019454432196267
5.22,-0.6212251097831537,-0.30305248009735936,0.0013506719686376834,-0.30059477125098905
5.23,-0.6206167491145347,-0.30170180812872166,0.001349397149291113,-0.2992453741016979
5.24,-0.6200081328149459,-0.30035241097943055,0.0013481142139407966,-0.2978972598877571
5.25,-0.6193992647733535,-0.2990042967654898,0.0013468231981089707,-0.29655043668964814
5.26,-0.6187901488645943,-0.2976574735673808,0.0013455241595215946,-0.29520491253012654
5.2700000000000005,-0.6181807889494181,-0.2963119494078592,0.0013442171425825152,-0.293860695387544
5.28,-0.6175711888745289,-0.29496773226527667,0.0013429022027975062,-0.2925177931847465
5.29,-0.6169613524726181,-0.2936248300624792,0.001341579377909163,-0.29117621380683734
5.3,-0.6163512835624126,-0.29228325068457,0.0013402487256438788,-0.28983596508119347
5.3100000000000005,-0.615740985948709,-0.29094300195892614,0.001338910290405457,-0.288497054790788
5.32,-0.6151304634224127,-0.2896040916685207,0.0013375641276998883,-0.28715949066308816
5.33,-0.6145197197605843,-0.28826652754082077,0.0013362102774905175,-0.2858232803855976
5.34,-0.6139087587264626,-0.2869303172633303,0.0013348487886221273,-0.2844884315969755
5.3500000000000005,-0.6132975840695232,-0.2855954684747081,0.0013334797099396733,-0.2831549518870358
5.36,-0.612686199525504,-0.2842619887647685,0.0013321030947287434,-0.28182284879230707
5.37,-0.6120746088164506,-0.28292988567003974,0.0013307189829529428,-0.2804921298093541
5.38,-0.6114628156507508,-0.2815991666870868,0.0013293274212368682,-0.27916280238811725
5.39,-0.6108508237231753,-0.2802698392658499,0.0013279284650866835,-0.2778348739230306
5.4,-0.6102386367149196,-0.27894191080076325,0.0013265221589068427,-0.27650835176412375
5.41,-0.609626258293635,-0.2776153886418564,0.001325108535999613,-0.27518324322812415
5.42,-0.6090136921134691,-0.27629028010585677,0.0013236876629734752,-0.2738595555651506
5.43,-0.6084009418151153,-0.2749665924428833,0.0013222595731308701,-0.27253729599201976
5.44,-0.6077880110258282,-0.2736443328697524,0.0013208243175374598,-0.2712164716744823
5.45,-0.6071749033594881,-0.272323508552215,0.0013193819405978718,-0.26989708973388443
5.46,-0.6065616224166159,-0.2710041266116171,0.001317932493377725,-0.26857915724050674
5.47,-0.6059481717844293,-0.26968619411823935,0.001316476011400166,-0.26726268122910657
5.48,-0.6053345550368646,-0.26836971810683924,0.0013150125435106713,-0.2659476686855959
5.49,-0.6047207757346259,-0.26705470556332855,0.0013135421496566005,-0.26463412653593926
5.5,-0.6041068374252184,-0.26574116341367193,0.0013120648453777365,-0.26332206169056155
5.51,-0.6034927436429866,-0.2644290985682942,0.0013105807083845303,-0.262011480982177
5.5200000000000005,-0.6028784979091516,-0.2631185178599097,0.0013090897630985057,-0.2607023912190785
5.53,-0.6022641037318455,-0.2618094280968112,0.0013075920539244636,-0.25939479916515407
5.54,-0.6016495646061543,-0.2605018360428867,0.0013060876341487726,-0.25808871153100527
5.55,-0.6010348840141492,-0.25919574840873794,0.0013045765459561345,-0.25678413498504915
5.5600000000000005,-0.6004200654249306,-0.2578911718627818,0.001303058831530991,-0.25548107615351817
5.57,-0.5998051122946577,-0.2565881130312508,0.0013015345330581306,-0.25417954162046
5.58,-0.5991900280665866,-0.2552865784981927,0.0013000037016036494,-0.25287953791885637
5.59,-0.5985748161711141,-0.25398657479658904,0.0012984663682503658,-0.251581071550606
5.6000000000000005,-0.5979594800258026,-0.25268810842833866,0.0012969225929462466,-0.25028414895765977
5.61,-0.597344023035429,-0.25139118583539244,0.0012953724045535343,-0.24898877655310622
5.62,-0.5967284485920128,-0.25009581343083886,0.001293815851918399,-0.24769496070118782
5.63,-0.5961127600748545,-0.2488019975789205,0.0012922529794459885,-0.24640270772174183
5.64,-0.5954969608505689,-0.2475097445994745,0.0012906838271008626,-0.24511202389464098
5.65,-0.5948810542731342,-0.24621906077237363,0.0012891084437291478,-0.24382291545091184
5.66,-0.5942650436839092,-0.24492995232864448,0.0012875268581934336,-0.2425353885927184
5.67,-0.5936489324116813,-0.24364242547045106,0.0012859391237806522,-0.24124944946893773
5.68,-0.5930327237727012,-0.2423564863466704,0.0012843452893371472,-0.2399651041796006
5.69,-0.5924164210707193,-0.24107214105733324,0.0012827453792846593,-0.23868235880031594
5.7,-0.5918000275970103,-0.23978939567804858,0.001281139444690195,-0.23740121935562575
5.71,-0.5911835466304292,-0.2385082562333584,0.001279527529958989,-0.23612169182566675
5.72,-0.5905669814374276,-0.2372287287033994,0.0012779096683948696,-0.2348437821572719
5.73,-0.5899503352720997,-0.23595081903500453,0.0012762859132848994,-0.23356749624398698
5.74,-0.5893336113762149,-0.23467453312171963,0.0012746562912717418,-0.23229283995271524
5.75,-0.5887168129792513,-0.23339987683044788,0.0012730208578629054,-0.23101981909485234
5.76,-0.5880999432984373,-0.23212685597258498,0.0012713796397010538,-0.22974843945515128
5.7700000000000005,-0.5874830055387741,-0.23085547633288395,0.0012697326922939123,-0.22847870676285736
5.78,-0.586866002893088,-0.22958574364059003,0.0012680800445045472,-0.22721062671835282
5.79,-0.5862489385420482,-0.22831766359608546,0.0012664217362979516,-0.22594420498205486
5.8,-0.5856318156542135,-0.22705124185978753,0.0012647578209616216,-0.22467944716109325
5.8100000000000005,-0.5850146373860626,-0.2257864840388259,0.0012630883273587103,-0.22341635883373454
5.82,-0.5843974068820279,-0.2245233957114672,0.0012614132976747437,-0.2221549455360598
5.83,-0.5837801272745307,-0.22326198241379244,0.0012597327718749315,-0.22089521276418486
5.84,-0.5831628016840167,-0.2220022496419175,0.001258046787704038,-0.21963716597648084
5.8500000000000005,-0.5825454332189886,-0.22074420285421348,0.0012563553917885675,-0.21838081058469225
5.86,-0.5819280249760448,-0.21948784746242492,0.0012546586152122497,-0.21712615196948
5.87,-0.5813105800399071,-0.21823318884721266,0.0012529564979403378,-0.21587319547153966
5.88,-0.5806931014834589,-0.21698023234927233,0.0012512490888198693,-0.2146219463827198
5.89,-0.5800755923677787,-0.21572898326045245,0.0012495364122732788,-0.2133724099704465
5.9,-0.579458055742173,-0.21447944684817918,0.0012478185193682666,-0.21212459145107826
5.91,-0.5788404946442127,-0.2132316283288109,0.0012460954389679427,-0.2108784960121103
5.92,-0.5782229120997613,-0.21198553288984295,0.0012443672176993322,-0.20963412879441098
5.93,-0.5776053111230162,-0.21074116567214363,0.001242633884425805,-0.20839149490998518
5.94,-0.5769876947165357,-0.20949853178771782,0.0012408954879944856,-0.20715059942199068
5.95,-0.5763700658712771,-0.20825763629972335,0.001239152061709766,-0.2059114473602809
5.96,-0.5757524275666247,-0.20701848423801358,0.0012374036366558094,-0.2046740437236251
5.97,-0.5751347827704321,-0.20578108060135777,0.0012356502639000993,-0.203438393459725
5.98,-0.5745171344390435,-0.20454543033745767,0.0012338919700860367,-0.20220450148963898
5.99,-0.5738994855173376,-0.20331153836737165,0.0012321287951793086,-0.20097237269445967
6,-0.5732818389387557,-0.20207940957219234,0.001230360779145602,-0.19974201191531407
6.01,-0.5726641976253349,-0.20084904879304671,0.0012285879552896128,-0.19851342396002444
6.0200000000000005,-0.5720465644877408,-0.1996204608377571,0.0012268103680178766,-0.19728661359200658
6.03,-0.5714289424253007,-0.19839365046973922,0.0012250280417534353,-0.19606158555025313
6.04,-0.5708113343260356,-0.1971686224279858,0.0012232410253438467,-0.1948383445249093
6.05,-0.5701937430667001,-0.19594538140264195,0.0012214493432120875,-0.1936168951816972
6.0600000000000005,-0.5695761715128014,-0.19472393205942987,0.0012196530464261618,-0.19239724213527104
6.07,-0.5689586225186412,-0.1935042790130037,0.0012178521616296656,-0.19117938997364137
6.08,-0.5683410989273489,-0.19228642685137404,0.0012160467176865327,-0.18996334325595485
6.09,-0.5677236035709048,-0.1910703801336875,0.0012142367701056594,-0.1887491064858492
6.1000000000000005,-0.5671061392701853,-0.18985614336358184,0.0012124223410898364,-0.18753668414475935
6.11,-0.566488708834983,-0.188643721022492,0.0012106034661643356,-0.18632608067859502
6.12,-0.5658713150640484,-0.18743311755632766,0.0012087801808545592,-0.18511730049774044
6.13,-0.5652539607451144,-0.18622433737547311,0.0012069525340081952,-0.18391034796373226
6.140000000000001,-0.5646366486549322,-0.1850173848414649,0.001205120536726216,-0.18270522742700604
6.15,-0.5640193815593022,-0.1838122643047387,0.0012032842489584318,-0.1815019431780476
6.16,-0.5634021622131076,-0.18260898005578027,0.001201443688467023,-0.1803004994895806
6.17,-0.5627849933603405,-0.18140753636731324,0.0011995988929979677,-0.17910090059658262
6.18,-0.5621678777341411,-0.18020793747431527,0.001197749906958279,-0.17790315068962434
6.19,-0.5615508180568212,-0.179010187567357,0.0011958967503305834,-0.17670725393929376
6.2,-0.5609338170399037,-0.1778142908170264,0.0011940394697426216,-0.17551321446955115
6.21,-0.5603168773841486,-0.1766202513472838,0.001192178096279012,-0.17432103637327212
6.22,-0.5597000017795863,-0.1754280732510048,0.0011903126565838062,-0.17313072371668833
6.23,-0.5590831929055442,-0.17423776059442098,0.0011884431950641905,-0.17194228052162414
6.24,-0.5584664534306866,-0.17304931739935678,0.0011865697361439003,-0.17075571078548024
6.25,-0.5578497860130393,-0.17186274766321288,0.0011846923197893384,-0.1695710184656909
6.26,-0.5572331933000212,-0.17067805534342353,0.0011828109837466348,-0.16838820748194425
6.2700000000000005,-0.5566166779284776,-0.16949524435967692,0.0011809257502191223,-0.16720728173172514
6.28,-0.5560002425247045,-0.16831431860945778,0.0011790366547325716,-0.16602824507699257
6.29,-0.5553838897044914,-0.1671352819547252,0.0011771437416944076,-0.16485110133529815
6.3,-0.5547676220731417,-0.16595813821303082,0.0011752470310875387,-0.1636758543042106
6.3100000000000005,-0.5541514422255018,-0.16478289118194328,0.0011733465584379092,-0.1625025077457727
6.32,-0.5535353527460037,-0.16360954462350535,0.0011714423659325195,-0.16133106537984018
6.33,-0.5529193562086826,-0.16243810225757285,0.0011695344735544733,-0.1601615309062857
6.34,-0.5523034551772135,-0.16126856778401838,0.00116762292127052,-0.1589939079850152
6.3500000000000005,-0.5516876522049392,-0.16010094486274784,0.0011657077379453743,-0.1578282002470698
6.36,-0.5510719498349052,-0.15893523712480248,0.0011637889613253828,-0.15666441128574443
6.37,-0.5504563505998811,-0.1577714481634771,0.0011618666113937144,-0.15550254467435073
6.38,-0.5498408570223974,-0.15660958155208338,0.0011599407347785218,-0.1543426039395722
6.390000000000001,-0.5492254716147772,-0.15544964081730486,0.0011580113559036924,-0.1531845925836685
6.4,-0.5486101968791545,-0.15429162946140115,0.0011560785058546035,-0.1520285140778139
6.41,-0.5479950353075191,-0.15313555095554657,0.0011541422201572643,-0.15087437185765665
6.42,-0.5473799893817363,-0.1519814087353893,0.0011522025232358008,-0.14972216933442084
6.43,-0.546765061573577,-0.1508292062121535,0.001150259455057201,-0.14857190987936364
6.44,-0.5461502543447552,-0.1496789467570963,0.0011483130422659934,-0.14742359683709766
6.45,-0.5455355701469442,-0.1485306337148303,0.0011463633115067285,-0.1462772335255909
6.46,-0.5449210114218193,-0.14738427040332358,0.0011444103027464809,-0.14513282322284443
6.47,-0.544306580601081,-0.1462398601005771,0.0011424540426298877,-0.14399036918021454
6.48,-0.5436922801064796,-0.14509740605794721,0.0011404945622423045,-0.14284987461797224
6.49,-0.5430781123498546,-0.1439569114957049,0.0011385318904489445,-0.1417113427275233
6.5,-0.542464079733156,-0.14281837960525595,0.001136566058335185,-0.1405747766691881
6.51,-0.541850184648476,-0.14168181354692078,0.0011345970947662393,-0.13944017957442187
6.5200000000000005,-0.541236429478077,-0.14054721645215454,0.0011326250352683984,-0.13830755453915347
6.53,-0.5406228165944238,-0.13941459141688614,0.0011306499064865161,-0.13717690463266696
6.54,-0.5400093483602069,-0.1382839415103996,0.001128671737285654,-0.13604823289538132
6.55,-0.5393960271283755,-0.13715526977311396,0.0011266905609719387,-0.13492154233440937
6.5600000000000005,-0.538782855242162,-0.13602857921214204,0.0011247063975289079,-0.13379683593688046
6.57,-0.5381698350351165,-0.1349038728146131,0.0011227192958055939,-0.13267411664107487
6.58,-0.5375569688311327,-0.1337811535188075,0.001120729258022161,-0.1315533873830527
6.59,-0.5369442589444706,-0.13266042426078536,0.0011187363441298934,-0.13043465103892282
6.6000000000000005,-0.5363317076797954,-0.13154168791665546,0.0011167405607898258,-0.12931791047813299
6.61,-0.5357193173321959,-0.13042494735586566,0.0011147419413082152,-0.12820316853682479
6.62,-0.5351070901872177,-0.12931020541455743,0.001112740523431994,-0.12709042801339276
6.63,-0.534495028520895,-0.12819746489112543,0.001110736324924557,-0.12597969168846823
6.640000000000001,-0.533883134599767,-0.12708672856620087,0.0011087293835329451,-0.12487096230493527
6.65,-0.5332714106809202,-0.12597799918266794,0.0011067197236817178,-0.12376424258125356
6.66,-0.532659859012004,-0.12487127945898621,0.0011047073720159457,-0.12265953520923761
6.67,-0.532048481831265,-0.12376657208697027,0.0011026923618419294,-0.12155684284739568
6.68,-0.5314372813675754,-0.12266387972512834,0.0011006747153638908,-0.12045616813203179
6.69,-0.5308262598404585,-0.12156320500976445,0.0010986544681086197,-0.11935751366392316
6.7,-0.530215419460112,-0.12046455054165583,0.0010966316422803815,-0.1182608820216428
6.71,-0.5296047624274475,-0.11936791889937545,0.0010946062645242685,-0.11716627575711852
6.72,-0.5289942909341032,-0.11827331263485118,0.0010925783725875817,-0.11607369738453094
6.73,-0.5283840071624843,-0.1171807342622636,0.0010905479753521704,-0.11498314940917877
6.74,-0.5277739132857807,-0.11609018628691142,0.001088515126108176,-0.11389463428307059
6.75,-0.5271640114680024,-0.11500167116080325,0.0010864798292966856,-0.1128081544537739
6.76,-0.5265543038639988,-0.11391519133150657,0.0010844421226650003,-0.11172371233110891
6.7700000000000005,-0.5259447926194908,-0.11283074920884156,0.0010824020328583858,-0.11064131029825053
6.78,-0.5253354798710955,-0.11174834717598318,0.0010803595887425325,-0.10956095070950798
6.79,-0.5247263677463582,-0.11066798758724064,0.0010783148125218791,-0.1084826358969861
6.8,-0.5241174583637708,-0.10958967277471876,0.001076267728621354,-0.10740636816836475
6.8100000000000005,-0.5235087538328049,-0.10851340504609741,0.0010742183747883445,-0.10633214979357641
6.82,-0.5229002562539374,-0.10743918667130907,0.0010721667687865711,-0.10525998302478984
6.83,-0.5222919677186768,-0.1063670199025225,0.0010701129417022134,-0.10418987008308762
6.84,-0.5216838903095866,-0.10529690696082028,0.0010680569112989481,-0.10312181317178867
6.8500000000000005,-0.5210760261003218,-0.10422885004952133,0.0010659987175447392,-0.10205581445424394
6.86,-0.5204683771556396,-0.1031628513319766,0.0010639383782033718,-0.10099187607604057
6.87,-0.5198609455314421,-0.10209891295377323,0.0010618759154793498,-0.09993000016056122
6.88,-0.5192537332747905,-0.10103703703829388,0.001059811367120321,-0.0988701887934409
6.890000000000001,-0.5186467424239394,-0.09997722567117355,0.0010577447464491787,-0.09781244404699171
6.9,-0.5180399750083575,-0.09891948092472437,0.0010556760889931464,-0.09675676795799858
6.91,-0.5174334330487561,-0.09786380483573123,0.0010536054169569013,-0.09570316254104166
6.92,-0.5168271185571184,-0.09681019941877433,0.001051532750324653,-0.09465162979071702
6.93,-0.5162210335367191,-0.09575866666844968,0.0010494581268441364,-0.09360217166387289
6.94,-0.5156151799821528,-0.09470920854160554,0.0010473815576178959,-0.09255479010625499
6.95,-0.515009559879362,-0.09366182698398764,0.0010453030803936661,-0.09150948702586131
6.96,-0.5144041752056612,-0.09261652390359397,0.001043222708494503,-0.09046626431736682
6.97,-0.513799027929762,-0.09157330119509947,0.0010411404774477275,-0.08942512383991909
6.98,-0.5131941200118034,-0.09053216071765174,0.0010390564116785498,-0.08838606742824054
6.99,-0.5125894534033695,-0.0894931043059732,0.0010369705200691985,-0.08734909690817134
7,-0.511985030047518,-0.088456133785904,0.0010348828514696604,-0.08631421405670169
7.01,-0.5113808518788114,-0.08742125093443434,0.0010327934125417071,-0.08528142064415997
7.0200000000000005,-0.5107769208233367,-0.08638845752189263,0.0010307022299311142,-0.08425071841422886
7.03,-0.5101732387987281,-0.08535775529196152,0.0010286093391652569,-0.0832221090750636
7.04,-0.5095698077142008,-0.08432914595279625,0.0010265147513469292,-0.08219559432371668
7.05,-0.5089666294705687,-0.08330263120144933,0.0010244184975627011,-0.08117117582615398
7.0600000000000005,-0.5083637059602714,-0.08227821270388663,0.001022320600017532,-0.08014885522613643
7.07,-0.5077610390674059,-0.08125589210386909,0.0010202210853571428,-0.0791286341407793
7.08,-0.50715863066774,-0.08023567101851195,0.0010181199691252632,-0.07811051417165403
7.09,-0.5065564826287439,-0.07921755104938669,0.001016017289069812,-0.07709449688258423
7.1000000000000005,-0.5059545968096163,-0.07820153376031688,0.0010139130540732133,-0.076080583828511
7.11,-0.5053529750613064,-0.07718762070624366,0.0010118072952221453,-0.07506877653328886
7.12,-0.5047516192265398,-0.07617581341102152,0.0010097000369420784,-0.07405907649634678
7.13,-0.5041505311398412,-0.07516611337407944,0.0010075913014380151,-0.07305148519490877
7.140000000000001,-0.5035497126275648,-0.07415852207264143,0.001005481106474142,-0.07204600408843463
7.15,-0.5029491655079074,-0.07315304096616729,0.001003369483137213,-0.07104263460529742
7.16,-0.5023488915909493,-0.07214967148303007,0.0010012564514118609,-0.07004137815388556
7.17,-0.5017488926786636,-0.07114841503161821,0.0009991420312827721,-0.06904223612260278
7.18,-0.5011491705649505,-0.07014927300033544,0.0009970262516162984,-0.06804520987098649
7.19,-0.500549727035651,-0.06915224674871914,0.000994909130176691,-0.0670503007408098
7.2,-0.4999505638685852,-0.06815733761854245,0.0009927906869486368,-0.06605751005386115
7.21,-0.49935168283356546,-0.06716454693159381,0.0009906709530190308,-0.06506683910084213
7.22,-0.49875308569242666,-0.06617387597857478,0.0009885499483725272,-0.0640782891524696
7.23,-0.49815477419904547,-0.06518532603020226,0.000986427684112202,-0.0630918614683574
7.24,-0.49755675009936706,-0.06419889834609005,0.0009843042046475182,-0.06210755726370988
7.25,-0.4969590151314299,-0.06321459414144254,0.000982179505538462,-0.061125377758171416
7.26,-0.49636157102538575,-0.06223241463590407,0.0009800536289741586,-0.06014532412919726
7.2700000000000005,-0.49576441950353034,-0.06125236100692991,0.0009779265927189681,-0.05916739753647829
7.28,-0.49516756228031916,-0.060274434414210945,0.0009757984123167827,-0.058191599124161504
7.29,-0.49457100106239554,-0.05929863600189416,0.0009736691121933327,-0.05721793001196818
7.3,-0.49397473754861454,-0.05832496688970083,0.0009715387189946755,-0.0562463912929735
7.3100000000000005,-0.4933787734300651,-0.057353428170706156,0.0009694072482648551,-0.05527698404470864
7.32,-0.49278311039009304,-0.0563840209224413,0.0009672747222091017,-0.05430970932249954
7.33,-0.4921877501043258,-0.055416746200232195,0.0009651411652531567,-0.053344568157246385
7.34,-0.49159269424069696,-0.05445160503497904,0.0009630065951614667,-0.05238156156208492
7.3500000000000005,-0.49099794445946554,-0.053488598439817577,0.0009608710363597948,-0.05142069052572512
7.36,-0.49040350241324426,-0.05252772740345778,0.0009587345066125767,-0.05046195601911255
7.37,-0.4898093697470174,-0.0515689928968452,0.0009565970347865001,-0.049505358984326044
7.38,-0.4892155480981677,-0.0506123958620587,0.0009544586231029868,-0.04855090036122306
7.390000000000001,-0.48862203909649793,-0.049657937238955716,0.0009523193181921845,-0.04759858104303087
7.4,-0.488028844364257,-0.04870561792076353,0.0009501791156142636,-0.04664840192741661
7.41,-0.48743596551615576,-0.047755438805149264,0.0009480380597789745,-0.045700363867637636
7.42,-0.48684340415940003,-0.04680740074537029,0.0009458961506873581,-0.044754467716950276
7.43,-0.4862511618937014,-0.04586150459468293,0.000943753419426586,-0.043810714297523694
7.44,-0.48565924031130964,-0.04491775117525635,0.0009416098837612024,-0.04286910441376249
7.45,-0.48506764099703426,-0.043976141291495144,0.0009394655658966436,-0.041929638847865845
7.46,-0.4844763655282605,-0.0430366757255985,0.0009373204791566429,-0.0409923183687092
7.47,-0.483885415474978,-0.04209935524644186,0.000935174659069248,-0.040057143709639954
7.48,-0.48329479239980555,-0.04116418058737261,0.0009330281034151565,-0.0391241156062248
7.49,-0.48270449785800174,-0.04023115248395746,0.0009308808499428945,-0.038193234756281905
7.5,-0.4821145333975026,-0.03930027163401456,0.0009287329141966416,-0.03726450184208526
7.51,-0.4815249005589355,-0.03837153871981792,0.0009265843117206151,-0.036337917530364645
7.5200000000000005,-0.48093560087563636,-0.0374449544080973,0.0009244350624998811,-0.035413482467864764
7.53,-0.48034663587368964,-0.03652051934559742,0.0009222851909603978,-0.03449119727690437
7.54,-0.47975800707192706,-0.035598234154637025,0.0009201347148668395,-0.033571062562037526
7.55,-0.47916971598196856,-0.03467809943977018,0.0009179836453225695,-0.03265307891671496
7.5600000000000005,-0.4785817641082364,-0.03376011579444762,0.0009158320200761952,-0.03173724689663877
7.57,-0.47799415294797803,-0.03284428377437142,0.0009136798346880495,-0.030823567061950715
7.58,-0.4774068839912871,-0.031930603939683375,0.0009115271269067671,-0.02991203993504395
7.59,-0.4768199587211268,-0.031019076812776606,0.0009093739078357436,-0.029002666027208204
7.6000000000000005,-0.4762333786133539,-0.03010970290494086,0.0009072201974601483,-0.028095445829748055
7.61,-0.47564714513673323,-0.02920248270748071,0.0009050660135447041,-0.027190379816203352
7.62,-0.47506125975296987,-0.028297416693936008,0.0009029113805154832,-0.02628746843568787
7.63,-0.4744757239167187,-0.027394505313420525,0.0009007563028145811,-0.025386712132873288
7.640000000000001,-0.47389053907561685,-0.026493749010605944,0.0008986008204111705,-0.02448811131246212
7.65,-0.4733057066703006,-0.025595148190194775,0.0008964449355269334,-0.023591666376935185
7.66,-0.4727212281344254,-0.02469870325466784,0.0008942886659266445,-0.02269737771100854
7.67,-0.4721371048946881,-0.023804414588741198,0.0008921320426977383,-0.0218052456683108
7.68,-0.47155333837085234,-0.022912282546043456,0.00088997507028237,-0.020915270598028432
7.69,-0.47096992997576126,-0.022022307475761088,0.0008878177775475363,-0.020027452820480896
7.7,-0.47038688111537147,-0.021134489698213552,0.0008856601755967414,-0.019141792644884154
7.71,-0.46980419318876043,-0.02024882952261681,0.000883502284415233,-0.018258290360468922
7.72,-0.469221867588156,-0.019365327238201578,0.0008813441239883022,-0.017376946236480617
7.73,-0.46863990569895847,-0.018483983114213273,0.0008791857054194451,-0.016497760531061174
7.74,-0.4680583088997543,-0.01760479740879383,0.0008770270597961694,-0.015620733471265004
7.75,-0.4674770785623462,-0.01672777034899766,0.0008748681893402358,-0.014745865281924769
7.76,-0.46689621605176307,-0.015852902159657425,0.0008727091162573841,-0.013873156165667384
7.7700000000000005,-0.4663157227262932,-0.01498019304340004,0.0008705498694147113,-0.013002606296252673
7.78,-0.46573559993749525,-0.01410964317398533,0.0008683904488135456,-0.012134215847439128
7.79,-0.46515584903022433,-0.013241252725171784,0.0008662308855414381,-0.01126798496189769
7.8,-0.46457647134265323,-0.012375021839630346,0.0008640711862610686,-0.010403913775636622
7.8100000000000005,-0.46399746820628607,-0.011510950653369278,0.0008619113798395505,-0.00954200239579707
7.82,-0.46341884094598784,-0.010649039273529726,0.0008597514640578118,-0.008682250931739258
7.83,-0.4628405908799962,-0.009789287809471914,0.0008575914833260894,-0.007824659448413169
7.84,-0.4622627193199551,-0.008931696326145825,0.0008554314287639871,-0.006969228019649182
7.8500000000000005,-0.46168522757091834,-0.008076264897381839,0.0008532713358999888,-0.006115956683749193
7.86,-0.46110811693138326,-0.007222993561481849,0.0008511112069559254,-0.005264845476793268
7.87,-0.46053138869330296,-0.006371882354525924,0.0008489510685785258,-0.004415894408214742
7.88,-0.4599550441421133,-0.005522931285947398,0.0008467909318714074,-0.0035691034763433343
7.890000000000001,-0.4593790845567451,-0.00467614035407599,0.0008446308168199808,-0.002724472659523354
7.9,-0.45880351120965396,-0.00383150953725601,0.0008424707389687692,-0.0018820019205545845
7.91,-0.45822832536683183,-0.0029890387982872404,0.000840310713862305,-0.0010416912066922794
7.92,-0.4576535282878321,-0.0021487280844249357,0.0008381507592655708,-0.00020354044742670847
7.930000000000001,-0.4570791212257838,-0.0013105773251593645,0.0008359908818413286,0.0006324504344146201
7.94,-0.45650510542742356,-0.0004745864433180359,0.0008338311215590342,0.0014662815559736543
7.95,-0.4559314821331013,0.0003592446782409983,0.0008316714650974479,0.002297953021071102
7.96,-0.45535825257680673,0.0011909161433384463,0.0008295119468749246,0.0031274649679460267
7.97,-0.4547854179861918,0.002020428090213371,0.0008273525824360362,0.003954817550382063
7.98,-0.45421297958258544,0.002847780672649407,0.0008251933751129022,0.004780010925494966
7.99,-0.45364093858101556,0.003672974047762309,0.0008230343548830097,0.005603045280377975
8,-0.4530692961902294,0.004496008402645319,0.0008208755295193833,0.006423920809897358
8.01,-0.4524980536127088,0.005316883932164703,0.0008187169156768388,0.007242637725574198
8.02,-0.4519272120446987,0.0061356008478415415,0.0008165585288999842,0.008059196254474182
8.03,-0.4513567726762151,0.006952159376741525,0.0008144003880640853,0.008873596642538267
8.040000000000001,-0.4507867366910734,0.0077665597648056105,0.0008122425020524256,0.009685839144590692
8.05,-0.4502171052669055,0.008578802266858036,0.0008100848930709536,0.010495924037661647
8.06,-0.4496478795751764,0.00938888715992899,0.0008079275722234054,0.011303851609885052
8.07,-0.4490790607812045,0.010196814732152396,0.0008057705528339602,0.012109622162719012
8.08,-0.44851065004418345,0.011002585284986356,0.0008036138548881449,0.012913236017607157
8.09,-0.44794264851720117,0.0118061991398745,0.0008014574928203822,0.013714693510427539
8.1,-0.447375057347253,0.012607656632694883,0.0007993014755139659,0.014513994985941504
8.11,-0.446807877675268,0.013406958108208848,0.0007971458240646744,0.01531114081000618
8.120000000000001,-0.44624111063612576,0.014204103932273523,0.0007949905551273793,0.016106131365133558
8.13,-0.4456747573586738,0.014999094487400902,0.0007928356709240551,0.016898967036057613
8.14,-0.4451088189657444,0.015791930158324956,0.0007906811992118389,0.017689648235269452
8.15,-0.4445432965741819,0.016582611357536796,0.0007885271522047152,0.018478175387474167
8.16,-0.4439781912948531,0.01737113850974151,0.0007863735421167014,0.01926454892959087
8.17,-0.44341350423266723,0.018157512051858213,0.0007842203756106724,0.020048769305201542
8.18,-0.4428492364865994,0.018941732427468886,0.0007820676859949101,0.020830836991196453
8.19,-0.4422853891497066,0.019723800113463797,0.0007799154666096104,0.02161075245780606
8.2,-0.4417219633091425,0.020503715580073405,0.0007777637485426118,0.022388516206348675
8.21,-0.4411589600461837,0.02128147932861602,0.0007756125329056905,0.023164128739254365
8.22,-0.44059638043624016,0.02205709186152171,0.0007734618419048979,0.02393759058115926
8.23,-0.4400342255488805,0.022830553703426605,0.0007713116877542758,0.02470890226891354
8.24,-0.4394724964478457,0.023601865391180882,0.0007691620826678523,0.02547806435158139
8.25,-0.43891119419107,0.024371027473848735,0.0007670130444107921,0.026245077395992182
8.26,-0.4383503198306994,0.025138040518259526,0.0007648645818664733,0.027009941977858654
8.27,-0.43778987441310685,0.025902905100125998,0.000762716706138709,0.027772658683997364
8.28,-0.4372298589789136,0.026665621806264708,0.000760569441654043,0.028533228125651407
8.290000000000001,-0.4366702745630079,0.02742619124791875,0.0007584227984060654,0.029291650924057472
8.3,-0.43611112219455983,0.028184614046324816,0.0007562767763963699,0.030047927700453843
8.31,-0.4355524028970396,0.028940890822721187,0.0007541314089332899,0.03080205910938713
8.32,-0.43499411768824103,0.029695022231654475,0.0007519866982388869,0.03155404580762602
8.33,-0.43443626758029363,0.030447008929893365,0.000749842658747654,0.03230388846637367
8.34,-0.43387885357968137,0.03119685158864102,0.0007476993037839046,0.03305158777015758
8.35,-0.4333218766872653,0.03194455089242492,0.0007455566488923982,0.033797144419049976
8.36,-0.4327653378982942,0.03269010754131732,0.0007434147096178889,0.034540559128667866
8.370000000000001,-0.4322092382024266,0.03343352225093521,0.0007412734848517475,0.035281832613519616
8.38,-0.43165357858374853,0.03417479573578696,0.000739133007902356,0.03602096562142197
8.39,-0.4310983600207918,0.034913928743689315,0.0007369932754406445,0.03675795889686261
8.4,-0.43054358348655,0.035650922019129956,0.0007348543107829554,0.03749281320764557
8.41,-0.4299892499484921,0.03638577632991291,0.0007327161150411327,0.038225529322686705
8.42,-0.42943536036859087,0.03711849244495405,0.0007305787137519971,0.038956108036438696
8.43,-0.4288819157033319,0.03784907115870604,0.0007284421146887363,0.039684550151127436
8.44,-0.428328916903732,0.03857751327339478,0.0007263063256245431,0.04041085647675198
8.45,-0.42777636491535576,0.039303819599019324,0.0007241713676553571,0.04113502784440733
8.46,-0.4272242606783408,0.04002799096667468,0.0007220372430032291,0.041857065087410564
8.47,-0.42667260512740357,0.04075002820967791,0.0007199039738743163,0.04257696906128488
8.48,-0.4261213991918647,0.04146993218355222,0.0007177715658213926,0.043294740627106275
8.49,-0.42557064379566256,0.04218770374937362,0.0007156400377199138,0.04401038066482619
8.5,-0.42502033985737364,0.04290334378709353,0.0007135093917919738,0.044723890056618164
8.51,-0.42447048829022505,0.04361685317888551,0.0007113796469130392,0.0454352697035312
8.52,-0.4239210900021159,0.04432823282579854,0.0007092508208483969,0.0461445205243796
8.53,-0.4233721458956349,0.04503748364664694,0.0007071229102689714,0.046851643434648566
8.540000000000001,-0.42282365686806733,0.04574460655691591,0.0007049959407116435,0.04755663937536021
8.55,-0.4222756238114297,0.04644960249762756,0.000702869917729149,0.048259509293089364
8.56,-0.4217280476124704,0.04715247241535671,0.000700744854645872,0.048960254147735235
8.57,-0.4211809291526942,0.04785321727000258,0.00069862076478618,0.04965887491252142
8.58,-0.42063426930837755,0.048551838034788755,0.00069649765037214,0.050355372562893554
8.59,-0.42008806895058803,0.0492483356851609,0.0006943755424917964,0.05104974810538535
8.6,-0.41954232894519583,0.049942711227652696,0.0006922544322649372,0.05174200253765029
8.61,-0.41899705015289324,0.05063496565991763,0.000690134344118209,0.052432136881768496
8.620000000000001,-0.41845223342921206,0.05132510000403584,0.0006880152802737492,0.053120152162042245
8.63,-0.417907879624539,0.05201311528430959,0.0006858972629376881,0.053806049424979935
8.64,-0.41736398958413495,0.05269901254724728,0.0006837802932219725,0.054489829718201904
8.65,-0.4168205641481449,0.05338279284046925,0.0006816643866713618,0.055171494104873264
8.66,-0.4162776041516226,0.05406445722714061,0.0006795495599410013,0.05585104366481427
8.67,-0.41573511042454087,0.05474400678708161,0.0006774358097017723,0.056528479474516044
8.68,-0.41519308379180975,0.05542144259678339,0.0006753231670417518,0.05720380264155779
8.69,-0.41465152507329395,0.056096765763825135,0.0006732116175296233,0.057877014259087416
8.700000000000001,-0.4141104350838277,0.05676997738135476,0.0006711012011352481,0.05854811546022266
8.71,-0.41356981463323605,0.05744107858249001,0.0006689919045375112,0.05921710736476017
8.72,-0.4130296645263379,0.058110070487027515,0.0006668837521631079,0.05988399111692328
8.73,-0.412489985562978,0.058776954239190625,0.0006647767462341432,0.060548767863157424
8.74,-0.41195077853803436,0.05944173098542477,0.0006626709100670679,0.06121143877322449
8.75,-0.41141204424143496,0.060104401895491835,0.0006605662370021484,0.06187200501022664
8.76,-0.41087378345817416,0.060764968132493984,0.0006584627547967601,0.0625304677650234
8.77,-0.41033599696833173,0.06142343088729075,0.000656360463452551,0.06318682822847595
8.78,-0.4097986855470839,0.0620797913507433,0.0006542593707427736,0.06384108759921872
8.790000000000001,-0.40926184996472215,0.06273405072148606,0.0006521594977634327,0.06449324709698216
8.8,-0.4087254909866677,0.0633862102192495,0.0006500608522877808,0.06514330794926994
8.81,-0.408189609373493,0.06403627107153728,0.0006479634343174549,0.0657912713835874
8.82,-0.40765420588092716,0.06468423450585474,0.0006458672627280247,0.06643713864631542
8.83,-0.407119281259878,0.06533010176858277,0.0006437723563950271,0.06708091100271045
8.84,-0.40658483625645003,0.0659738741249778,0.0006416787042178148,0.06772258970692827
8.85,-0.40605087161195164,0.06661555282919561,0.0006395863328435294,0.0683621760397718
8.86,-0.4055173880629221,0.06725513916203914,0.000637495244494319,0.06899967128426611
8.870000000000001,-0.4049843863411363,0.06789263440653345,0.0006354054547150299,0.06963507673898114
8.88,-0.4044518671736279,0.06852803986124849,0.0006333169701686807,0.07026839370914982
8.89,-0.4039198312826989,0.06916135683141716,0.0006312297997387579,0.07089962350888858
8.9,-0.40338827938594163,0.06979258663115592,0.0006291439556394387,0.07152876746452802
8.91,-0.4028572121962479,0.07042173058679536,0.0006270594456440079,0.07215582691017203
8.92,-0.40232663042182715,0.07104879003243937,0.0006249762797461427,0.07278080318991817
8.93,-0.4017965347662228,0.07167376631218551,0.0006228944712702755,0.07340369766118844
8.94,-0.4012669259283273,0.07229666078345579,0.0006208140257691914,0.07402451168695763
8.950000000000001,-0.4007378046023913,0.07291747480922497,0.0006187349499059305,0.07464324663686357
8.96,-0.4002091714780497,0.07353620975913092,0.0006166572603355839,0.07525990389719915
8.97,-0.3996810272403273,0.0741528670194665,0.0006145809637211918,0.07587448486092034
8.98,-0.39915337256965944,0.07476744798318768,0.0006125060678359743,0.07648699092875631
8.99,-0.39862620814190286,0.07537995405102366,0.000610432581563472,0.07709742351031978
9,-0.39809953462835534,0.07599038663258713,0.0006083605171178187,0.07770578402743761
9.01,-0.397573352695769,0.07659874714970495,0.0006062898833825332,0.07831207391082014
9.02,-0.3970476630063604,0.07720503703308748,0.0006042206859104221,0.07891629459673057
9.03,-0.396522466217834,0.07780925771899791,0.0006021529391360436,0.07951844753586661
9.040000000000001,-0.3959977629833902,0.07841141065813395,0.0006000866452816,0.0801185341811482
9.05,-0.39547355395174244,0.07901149730341554,0.0005980218210021281,0.08071655600215033
9.06,-0.39494983976713427,0.07960951912441767,0.00059595846963001,0.08131251447178034
9.07,-0.39442662106934795,0.08020547759404768,0.0005938966022691456,0.08190641107404949
9.08,-0.39390389849373,0.08079937419631683,0.0005918362255825861,0.08249824729963208
9.09,-0.39338167267118873,0.08139121042189942,0.0005897773540049656,0.08308802465363704
9.1,-0.3928599442282282,0.08198098777590439,0.000587719993089058,0.0836757446467261
9.11,-0.39233871378694984,0.08256870776899344,0.0005856641428365222,0.08426140878956262
9.120000000000001,-0.3918179819650705,0.08315437191182996,0.000583609831004766,0.08484501862056738
9.13,-0.3912977493759382,0.08373798174283473,0.0005815570453828432,0.08542657566595023
9.14,-0.39077801662854483,0.08431953878821757,0.0005795058137282377,0.08600608147967846
9.15,-0.39025878432754224,0.0848990446019458,0.0005774561260504384,0.0865835376057289
9.16,-0.389740053073254,0.08547650072799624,0.0005754080034454825,0.08715894560917439
9.17,-0.3892218234616933,0.08605190873144174,0.0005733614547968457,0.08773230706397124
9.18,-0.3887040960845758,0.08662527018623858,0.0005713164789959637,0.0883036235429672
9.19,-0.3881868715293306,0.08719658666523454,0.0005692730893671824,0.08887289663233439
9.200000000000001,-0.38767015037912,0.08776585975460173,0.0005672313003451685,0.08944012793267955
9.21,-0.3871539332128491,0.0883330910549469,0.0005651911063803789,0.09000531903905992
9.22,-0.38663822060518527,0.08889828216132727,0.0005631525307893078,0.09056847156984923
9.23,-0.38612301312656405,0.08946143469211658,0.000561115569132646,0.09112958713898188
9.24,-0.38560831134321183,0.09002255026124922,0.0005590802369552397,0.09168866737593712
9.25,-0.3850941158171526,0.09058163049820446,0.0005570465398098629,0.09224571391574699
9.26,-0.3845804271062283,0.09113867703801433,0.0005550144854697897,0.09280072840121678
9.27,-0.38406724576410944,0.09169369152348411,0.000552984081708262,0.09335371248292504
9.28,-0.383554572340308,0.09224667560519238,0.0005509553374086575,0.09390466782033369
9.290000000000001,-0.38304240738019524,0.09279763094260103,0.0005489282614545713,0.09445359608178827
9.3,-0.3825307514250087,0.09334655920405562,0.0005469028549577224,0.09500049893674599
9.31,-0.3820196050118736,0.09389346205901333,0.0005448791367937671,0.09554537807353976
9.32,-0.38150896867381556,0.0944383411958071,0.0005428571014130974,0.09608823517495285
9.33,-0.3809988429397648,0.0949811982972202,0.0005408367721321966,0.09662907194708505
9.34,-0.3804892283345851,0.09552203506935239,0.0005388181389605643,0.09716789008604561
9.35,-0.37998012537907355,0.09606085320831295,0.0005368012274351843,0.09770469131348078
9.36,-0.3794715345899835,0.09659765443574814,0.0005347860253450778,0.09823947733882585
9.370000000000001,-0.3789634564800317,0.09713244046109322,0.0005327725571169402,0.0987722498959428
9.38,-0.3784558915579199,0.09766521301821016,0.0005307608283035455,0.09930301072424634
9.39,-0.37794884032833687,0.0981959738465137,0.0005287508300246165,0.09983176155427095
9.4,-0.3774423032919825,0.09872472467653833,0.0005267425867068812,0.10035850414097784
9.41,-0.37693628094557563,0.0992514672632452,0.0005247361072337718,0.1008832402482116
9.42,-0.37643077378187084,0.09977620337047897,0.0005227313782840649,0.10140597162649567
9.43,-0.3759257822896642,0.10029893474876304,0.0005207284253947548,0.10192670005189043
9.44,-0.3754213069538188,0.10081966317415779,0.0005187272574492087,0.10244542730933964
9.450000000000001,-0.37491734825526946,0.101338390431607,0.00051672786667747,0.1029621551760171
9.46,-0.37441390667103347,0.10185511829828447,0.0005147302697345105,0.10347688544575162
9.47,-0.37391098267423417,0.10236984856801898,0.0005127344732833812,0.10398961991903499
9.48,-0.37340857673410466,0.10288258304130236,0.0005107404817665789,0.10450036040080157
9.49,-0.37290668931600557,0.10339332352306894,0.0005087483051776937,0.10500910870597926
9.5,-0.37240532088143774,0.10390207182824664,0.0005067579446286401,0.10551586665060791
9.51,-0.37190447188805265,0.10440882977287527,0.0005047694156641884,0.1060206360662721
9.52,-0.37140414278966905,0.10491359918853946,0.000502782713844986,0.10652341878011709
9.53,-0.37090433403628253,0.10541638190238445,0.0005007978580465373,0.10702421663816362
9.540000000000001,-0.37040504607408176,0.10591717976043098,0.0004988148427192887,0.10752303148088291
9.55,-0.36990627934546105,0.10641599460315028,0.000496833686738701,0.10801986516762162
9.56,-0.3694080342890289,0.10691282828988898,0.0004948543867756448,0.10851471955439726
9.57,-0.3689103113396264,0.10740768267666462,0.0004928769539340634,0.10900759650833132
9.58,-0.3684131109283346,0.10790055963059869,0.0004909013970973456,0.10949849790542866
9.59,-0.36791643348249514,0.10839146102769603,0.0004889277162669877,0.10998742562169565
9.6,-0.3674202794257133,0.10888038874396302,0.00048695591921624204,0.1104743815409119
9.61,-0.3669246491778795,0.10936734466317927,0.00048498601815916663,0.11095936755907106
9.620000000000001,-0.3664295431551754,0.10985233068133843,0.0004830180130973444,0.1114423855721684
9.63,-0.3659349617700909,0.11033534869443577,0.00048105191624489823,0.11192343748841331
9.64,-0.3654409054314338,0.11081640061068067,0.000479087726493058,0.11240252521490636
9.65,-0.3649473745443441,0.11129548833717373,0.00047712545383552223,0.11287965066874188
9.66,-0.3644543695103062,0.11177261379100925,0.00047516510604545675,0.11335481577478734
9.67,-0.3639618907271609,0.1122477788970547,0.0004732066886755379,0.11382802246346288
9.68,-0.36346993858911913,0.11272098558573025,0.0004712502050579527,0.11429927266852083
9.69,-0.3629785134867709,0.1131922357907882,0.0004692956618557523,0.11476856833037659
9.700000000000001,-0.3624876158071033,0.11366153145264395,0.00046734306906244007,0.11523591139943902
9.71,-0.3619972459335088,0.11412887452170639,0.0004653924244591313,0.11570130382389815
9.72,-0.36150740424579775,0.11459426694616552,0.0004634437491417547,0.1161647475730399
9.73,-0.3610180911202141,0.11505771069530728,0.0004614970253480864,0.116626244598388
9.74,-0.3605293069294404,0.11551920772065537,0.00045955228527643725,0.11708579688366444
9.75,-0.36004105204261827,0.1159787600059318,0.0004576095111645832,0.11754340639482902
9.76,-0.35955332682535746,0.11643636951709638,0.0004556687274391222,0.11799907512226813
9.77,-0.359066131639745,0.1168920382445355,0.00045372992855043526,0.11845280505081858
9.78,-0.3585794668443618,0.11734576817308594,0.0004517931244921343,0.11890459817531071
9.790000000000001,-0.35809333279429345,0.11779756129757807,0.00044985831859636286,0.11935445649390708
9.8,-0.35760772984113776,0.11824741961617444,0.00044792552085679786,0.11980238201476387
9.81,-0.3571226583330265,0.11869534513703124,0.00044599472683393496,0.1202483767415978
9.82,-0.3566381186146268,0.11914133986386517,0.0004440659587339477,0.12069244270033175
9.83,-0.3561541110271611,0.11958540582259912,0.00044213920212532454,0.12113458190245707
9.84,-0.35567063590841164,0.12002754502472444,0.00044021448143466337,0.12157479638389174
9.85,-0.35518769359274227,0.12046775950615911,0.000438291784450877,0.12201308816834262
9.86,-0.35470528441110116,0.12090605129060998,0.0004363711356005851,0.1224494593039432
9.870000000000001,-0.35422340869103697,0.12134242242621057,0.0004344525182317432,0.12288391182217495
9.88,-0.3537420667567093,0.12177687494444231,0.0004325359589915038,0.12331644778116645
9.89,-0.35326125892890015,0.12220941090343382,0.0004306214467789376,0.12374706922794539
9.9,-0.35278098552502946,0.12264003235021276,0.0004287089982489946,0.12417577822619438
9.91,-0.35230124685916064,0.12306874134846174,0.000426798608962279,0.12460257683515666
9.92,-0.35182204324201627,0.12349553995742403,0.0004248902911327618,0.12502746712628943
9.93,-0.35134337498099066,0.12392043024855678,0.00042298404698240706,0.12545045117327183
9.94,-0.35086524238015526,0.12434341429553919,0.00042107988206384773,0.1258715310553357
9.950000000000001,-0.3503876457402808,0.12476449417760305,0.0004191777985989393,0.12629070885393462
9.96,-0.349910585358838,0.12518367197620198,0.00041727781213247387,0.12670798666606709
9.97,-0.34943406153001466,0.12560094978833447,0.0004153799104533208,0.1271233665765204
9.98,-0.3489580745447274,0.1260163296987878,0.0004134841124368545,0.12753685068895726
9.99,-0.3484826246906296,0.12642981381122465,0.0004115904191947725,0.12794844110815204
10,-0.3480077122521279,0.1268414042304194,0.00040969882961828293,0.12835813993777032
